date,ticker,pred_horizon_return,gross_return,net_return,success
2024-02-28,STNG,0.07845812170195438,0.055987989414786776,0.047987989414786776,1
2024-02-28,SM,0.07405387624575044,0.13725940232637313,0.12925940232637312,1
2024-02-28,AR,0.07061978005314772,0.12804400416769912,0.12004400416769911,1
2024-02-29,SM,0.0751943580659842,0.13890788103199614,0.13090788103199613,1
2024-02-29,STNG,0.07452299320636276,0.0658424844209986,0.057842484420998604,1
2024-02-29,AR,0.07004310724865018,0.1284046357624744,0.1204046357624744,1
2024-03-01,SM,0.07937675381435111,0.13662925463044218,0.12862925463044217,1
2024-03-01,STNG,0.0750263898905109,0.08420270721851053,0.07620270721851052,1
2024-03-01,AR,0.07224381436151059,0.13387342990512252,0.1258734299051225,1
2024-03-04,SM,0.08393717210377294,0.17662039197603208,0.16862039197603207,1
2024-03-04,AR,0.07401276163946147,0.1035901451560799,0.09559014515607989,1
2024-03-04,STNG,0.07354398786214142,0.12210203861676594,0.11410203861676593,1
2024-03-05,AR,0.086925259268959,0.09128011186758678,0.08328011186758677,1
2024-03-05,SM,0.0744880038205207,0.1921137384987357,0.1841137384987357,1
2024-03-05,FRO,0.0615400243455544,0.046680947956338814,0.038680947956338814,1
2024-03-06,AR,0.0908199920431631,0.07778184517908948,0.06978184517908947,1
2024-03-06,SM,0.07833653157095022,0.17128067877742215,0.16328067877742214,1
2024-03-06,FRO,0.07430527219629529,0.041184084676789245,0.033184084676789245,1
2024-03-07,AR,0.0881828564591683,0.10611787846933285,0.09811787846933284,1
2024-03-07,SM,0.08348345563141124,0.18775327546993248,0.17975327546993247,1
2024-03-07,STNG,0.0784130144997845,0.03638984322117533,0.028389843221175333,1
2024-03-08,SM,0.08235605938402363,0.15398266416021222,0.14598266416021222,1
2024-03-08,STNG,0.08207221851636182,0.036592506018254145,0.028592506018254145,1
2024-03-08,AR,0.08149946841052125,0.1245778514951934,0.1165778514951934,1
2024-03-11,SM,0.08578155651743385,0.14065257897415662,0.1326525789741566,1
2024-03-11,AR,0.08258433788884462,0.14855622692811088,0.14055622692811087,1
2024-03-11,STNG,0.07582706540923936,0.010253473151558667,0.0022534731515586673,1
2024-03-12,SM,0.08678845007154457,0.1463254253737778,0.1383254253737778,1
2024-03-12,AR,0.07765259885821243,0.1646294658403915,0.1566294658403915,1
2024-03-12,STNG,0.07472645269637523,0.01622722111063002,0.008227221110630019,1
2024-03-13,SM,0.086378241642169,0.10422898547465631,0.0962289854746563,1
2024-03-13,AR,0.07506041674473965,0.1580967353670828,0.1500967353670828,1
2024-03-13,STNG,0.07372164416992627,0.004345963138034925,-0.003654036861965075,0
2024-03-14,SM,0.09404983758186276,0.08722674042293121,0.07922674042293121,1
2024-03-14,STNG,0.08390186621388951,-0.01293463540249129,-0.02093463540249129,0
2024-03-14,AR,0.07092761826082605,0.13789154195074094,0.12989154195074093,1
2024-03-15,SM,0.09256073746001386,0.07758061941420857,0.06958061941420857,1
2024-03-15,STNG,0.0776484299713612,-0.01107064053770157,-0.01907064053770157,0
2024-03-15,FRO,0.07473153495927974,0.02156449205530775,0.013564492055307749,1
2024-03-18,SM,0.07866485809615242,0.07802785145953695,0.07002785145953694,1
2024-03-18,STNG,0.06217661267968147,-0.011012000823132584,-0.019012000823132584,0
2024-03-18,FRO,0.060870614044417,0.027859849410440285,0.019859849410440285,1
2024-03-19,SM,0.07850564132404442,0.031603226764517656,0.023603226764517656,1
2024-03-19,SBLK,0.07087163892082193,-0.021186440335508983,-0.029186440335508983,0
2024-03-19,FRO,0.06832425519032737,0.03486876406597794,0.02686876406597794,1
2024-03-20,SM,0.09028193913626796,-0.003732897150954262,-0.011732897150954262,0
2024-03-20,STNG,0.06903721969246934,-0.05206316910380515,-0.06006316910380515,0
2024-03-20,AR,0.06648604395307595,0.08130386035492632,0.07330386035492631,1
2024-03-21,SM,0.07619950784350668,-0.015154651868068636,-0.023154651868068636,0
2024-03-21,STNG,0.06635734835509076,-0.04818623032728586,-0.05618623032728586,0
2024-03-21,SBLK,0.06499080408288102,-0.059231980502657655,-0.06723198050265766,0
2024-03-22,SM,0.07947692669508591,0.003080035088948163,-0.004919964911051837,0
2024-03-22,SBLK,0.07194274940144005,-0.05026346847520735,-0.05826346847520735,0
2024-03-22,STNG,0.06880686022830387,-0.03668970568426744,-0.04468970568426744,0
2024-03-25,SM,0.07225233794122296,0.003222554733029126,-0.004777445266970874,0
2024-03-25,STNG,0.0653768952955349,-0.018616336548921586,-0.026616336548921586,0
2024-03-25,SBLK,0.06449762835925119,-0.01804752427625389,-0.02604752427625389,0
2024-03-26,SM,0.08459257345942062,0.02732124092069932,0.01932124092069932,1
2024-03-26,AR,0.06677239538754931,0.15080530326703867,0.14280530326703866,1
2024-03-26,MTDR,0.0590640080399912,0.002764556957279618,-0.005235443042720382,0
2024-03-27,SM,0.07794127204199952,0.02833841817062055,0.02033841817062055,1
2024-03-27,AR,0.0652808272189137,0.1626044633685777,0.1546044633685777,1
2024-03-27,SBLK,0.04811883508485659,0.014540938342636922,0.006540938342636922,1
2024-03-28,AR,0.07980075528506464,0.16551721507105288,0.15751721507105287,1
2024-03-28,SM,0.07914897248932806,0.019859613014446387,0.011859613014446387,1
2024-03-28,SBLK,0.05185146394430323,0.035190541085303284,0.027190541085303284,1
2024-04-01,SM,0.08565897953979197,0.005140338317931148,-0.0028596616820688522,0
2024-04-01,AR,0.0842308013255555,0.16706362536167552,0.1590636253616755,1
2024-04-01,FRO,0.0530083104240163,-0.009611347233731138,-0.017611347233731138,0
2024-04-02,SM,0.08697830562927167,-0.0460358069701714,-0.0540358069701714,0
2024-04-02,AR,0.08645222334555724,0.15249061530833763,0.14449061530833762,1
2024-04-02,FRO,0.058263984177030076,-0.0055038553554711545,-0.013503855355471155,0
2024-04-03,SM,0.08711004017662151,-0.0938461743868313,-0.1018461743868313,0
2024-04-03,AR,0.08658043193167014,0.11050663097116553,0.10250663097116552,1
2024-04-03,FRO,0.05284468813499185,-0.04296240267859175,-0.05096240267859175,0
2024-04-04,SM,0.0930860233684195,-0.08262873100329893,-0.09062873100329893,0
2024-04-04,AR,0.08464358754115636,0.12741721540263118,0.11941721540263117,1
2024-04-04,FRO,0.062461679014223226,0.01236090776275911,0.00436090776275911,1
2024-04-05,SM,0.09383658989074735,-0.049848319505055416,-0.057848319505055416,0
2024-04-05,AR,0.07923201578133615,0.1314441226964973,0.1234441226964973,1
2024-04-05,FRO,0.05987689325254106,0.03428092358732382,0.02628092358732382,1
2024-04-08,SM,0.09757902115033128,-0.024802867572791154,-0.032802867572791154,0
2024-04-08,AR,0.07812965402209382,0.1458125104889858,0.1378125104889858,1
2024-04-08,MTDR,0.06290580412477396,-0.07049608990777445,-0.07849608990777446,0
2024-04-09,SM,0.0947114003782476,-0.011209930657889222,-0.019209930657889222,0
2024-04-09,AR,0.08661749195647522,0.13628842190779533,0.12828842190779532,1
2024-04-09,MTDR,0.059947925346741926,-0.06736511940451417,-0.07536511940451418,0
2024-04-10,SM,0.09295486888379251,-0.03396296097079221,-0.04196296097079221,0
2024-04-10,AR,0.08898155528317436,0.11577568754163536,0.10777568754163536,1
2024-04-10,MTDR,0.058588357606791513,-0.08424809028591529,-0.0922480902859153,0
2024-04-11,SM,0.09624150597511302,-0.014893625655720277,-0.022893625655720277,0
2024-04-11,AR,0.09155909569997789,0.13949632345598872,0.13149632345598872,1
2024-04-11,MTDR,0.06393692713708099,-0.06555488382173436,-0.07355488382173436,0
2024-04-12,SM,0.0912769008798213,-0.030948151172702,-0.038948151172702,0
2024-04-12,AR,0.08769086123179698,0.11849609502552716,0.11049609502552715,1
2024-04-12,MTDR,0.06122851994446038,-0.06654016693155573,-0.07454016693155574,0
2024-04-15,SM,0.08231951832313206,-0.02915504679473102,-0.03715504679473102,0
2024-04-15,AR,0.0792371117486812,0.1534483021703259,0.1454483021703259,1
2024-04-15,MTDR,0.056141580686005776,-0.06997040900891538,-0.07797040900891539,0
2024-04-16,SM,0.07929689792695406,-0.01531120389234153,-0.02331120389234153,0
2024-04-16,AR,0.07062531218084117,0.16655220610211363,0.15855220610211362,1
2024-04-16,MTDR,0.050234388244152356,-0.05197132003909033,-0.05997132003909033,0
2024-04-17,SM,0.07812576942041308,-0.009941198404653573,-0.017941198404653573,0
2024-04-17,AR,0.0714925084990295,0.1769547282034727,0.16895472820347268,1
2024-04-17,FRO,0.05042376819916261,0.1285356958220183,0.12053569582201829,1
2024-04-18,SM,0.06849395122892385,0.008534551198968954,0.0005345511989689536,1
2024-04-18,AR,0.06770972679919385,0.18329871114520802,0.175298711145208,1
2024-04-18,FRO,0.044265633699300394,0.19457799266700815,0.18657799266700814,1
2024-04-19,AR,0.06987478857245197,0.1949470435641285,0.1869470435641285,1
2024-04-19,SM,0.06387083109017692,0.01788314842218308,0.009883148422183081,1
2024-04-19,MTDR,0.03809897891008954,-0.03915800581019535,-0.04715800581019535,0
2024-04-22,AR,0.07383254212854493,0.16957522147570248,0.16157522147570247,1
2024-04-22,SM,0.06193367305647457,0.012487218616285212,0.0044872186162852115,1
2024-04-22,RRC,0.039473495740054015,0.07587919738179294,0.06787919738179293,1
2024-04-23,AR,0.08184035072856005,0.10831723277781702,0.10031723277781701,1
2024-04-23,SM,0.06441193892060215,-0.00421607896767795,-0.01221607896767795,0
2024-04-23,RRC,0.044424349161651944,0.026790582098997096,0.018790582098997095,1
2024-04-24,AR,0.08564711389224045,0.0849236651062284,0.07692366510622839,1
2024-04-24,SM,0.06876927900764551,-0.03279343020778158,-0.04079343020778158,0
2024-04-24,RRC,0.04739204162982569,-0.014561801175394962,-0.022561801175394962,0
2024-04-25,AR,0.08804333458749927,0.0035938584629617853,-0.004406141537038215,0
2024-04-25,SM,0.06891856432335947,-0.047383018531306886,-0.055383018531306887,0
2024-04-25,RRC,0.05519932171273577,-0.04541840185569557,-0.05341840185569557,0
2024-04-26,AR,0.10276769144222639,-0.01538462927518347,-0.02338462927518347,0
2024-04-26,SM,0.07023519480465756,-0.05468132909034551,-0.06268132909034552,0
2024-04-26,RRC,0.05368216847332432,-0.0410078407311294,-0.0490078407311294,0
2024-04-29,AR,0.1035361449248317,0.011078748587978415,0.003078748587978415,1
2024-04-29,SM,0.06838564391836659,-0.03717544028276787,-0.04517544028276787,0
2024-04-29,RRC,0.049065787657508464,-0.013379716732433988,-0.02137971673243399,0
2024-04-30,AR,0.10566588334616864,0.006468721892403995,-0.0015312781075960055,0
2024-04-30,SM,0.0667386550479182,0.007011757905112104,-0.0009882420948878964,0
2024-04-30,RRC,0.048274463316740485,0.006126461198495248,-0.0018735388015047524,0
2024-05-01,AR,0.10215128014084036,0.07501533295731444,0.06701533295731443,1
2024-05-01,SM,0.05402074647915353,0.0452037588369707,0.0372037588369707,1
2024-05-01,RRC,0.0377646272771235,0.06049204627321747,0.05249204627321747,1
2024-05-02,AR,0.09390190187616998,0.09127103837573602,0.08327103837573602,1
2024-05-02,SM,0.0469560003285964,0.05634684818040725,0.04834684818040725,1
2024-05-02,SBLK,0.03383151434406373,0.09061619037106206,0.08261619037106205,1
2024-05-03,AR,0.09290670501382159,0.05944481765194154,0.05144481765194154,1
2024-05-03,SM,0.04969660650444796,-0.05206464302295122,-0.06006464302295122,0
2024-05-03,FRO,0.041477689596991496,0.12974943498458202,0.12174943498458202,1
2024-05-06,AR,0.0953913098712511,-0.018345983264876575,-0.026345983264876575,0
2024-05-06,SM,0.061043676137841896,-0.08280758402712918,-0.09080758402712918,0
2024-05-06,FRO,0.042752960846885735,0.09135201285690897,0.08335201285690896,1
2024-05-07,AR,0.10278906900065846,0.002037836912190061,-0.005962163087809939,0
2024-05-07,SM,0.0630947863842532,-0.0860047212471109,-0.0940047212471109,0
2024-05-07,RRC,0.046091324113965576,-0.02244779206290093,-0.03044779206290093,0
2024-05-08,AR,0.10166155813133973,0.0014697012459663483,-0.006530298754033652,0
2024-05-08,SM,0.06437857993319078,-0.06478377493181131,-0.07278377493181132,0
2024-05-08,SBLK,0.04991643883473465,-0.020345443179240696,-0.028345443179240697,0
2024-05-09,AR,0.09828454491641575,-0.010758910684835254,-0.018758910684835255,0
2024-05-09,SM,0.061257071623237735,-0.07677203659892284,-0.08477203659892285,0
2024-05-09,INSW,0.058350694460304955,-0.0038772483449203143,-0.011877248344920315,0
2024-05-10,AR,0.099639475946314,0.05702285544060359,0.04902285544060359,1
2024-05-10,TNK,0.06383297064144408,0.019784705449756634,0.011784705449756634,1
2024-05-10,SM,0.06190763342596674,-0.01830759822360517,-0.02630759822360517,0
2024-05-13,AR,0.091528091380614,0.05739904708978516,0.04939904708978516,1
2024-05-13,TNK,0.061299817580821606,0.00029115671196189297,-0.007708843288038107,0
2024-05-13,INSW,0.0575334197716252,-0.016374872425960585,-0.024374872425960585,0
2024-05-14,AR,0.0913781331911103,0.026199568962806286,0.018199568962806285,1
2024-05-14,TNK,0.060424748775715145,-0.006163995011583379,-0.014163995011583379,0
2024-05-14,INSW,0.057834867044909366,-0.06060604770050715,-0.06860604770050716,0
2024-05-15,AR,0.0985413055736834,-0.006118854497086157,-0.014118854497086157,0
2024-05-15,INSW,0.06326098743654472,-0.08863385005363222,-0.09663385005363223,0
2024-05-15,TNK,0.06151142617367046,-0.0538687338514533,-0.0618687338514533,0
2024-05-16,AR,0.0922953346073633,-0.02898979895261722,-0.03698979895261722,0
2024-05-16,INSW,0.05872219620498394,-0.13559056079293752,-0.14359056079293753,0
2024-05-16,TNK,0.05837533180010111,-0.09177737333161096,-0.09977737333161096,0
2024-05-17,AR,0.09348849997531113,-0.07000002179827014,-0.07800002179827015,0
2024-05-17,TNK,0.06772876905236225,-0.09063068314465739,-0.0986306831446574,0
2024-05-17,INSW,0.06340644088116401,-0.1304691511144901,-0.1384691511144901,0
2024-05-20,AR,0.09486685648730826,-0.07657660995633842,-0.08457660995633842,0
2024-05-20,TNK,0.06695738477099789,-0.0566411759335933,-0.06464117593359331,0
2024-05-20,STNG,0.06184578186023627,-0.01978632323091445,-0.02778632323091445,0
2024-05-21,AR,0.1033827160532946,-0.055555549391285264,-0.06355554939128527,0
2024-05-21,SM,0.06581359231434292,-0.02721771200911316,-0.03521771200911316,0
2024-05-21,TNK,0.06575038659640985,-0.05220659758327817,-0.06020659758327817,0
2024-05-22,AR,0.09760973926483903,-0.04925242671106689,-0.05725242671106689,0
2024-05-22,FRO,0.07128538276964475,-0.08249998092651378,-0.09049998092651379,0
2024-05-22,SM,0.06876425999595247,-0.004961709097977995,-0.012961709097977996,0
2024-05-23,AR,0.08902692137212183,-0.0005967366179654432,-0.008596736617965443,0
2024-05-23,SM,0.060847195402544185,0.03746096286453726,0.02946096286453726,1
2024-05-23,FRO,0.056713563202950776,-0.06866946465715618,-0.07666946465715618,0
2024-05-24,AR,0.09866927803030542,0.006911044190885285,-0.0010889558091147153,0
2024-05-24,SM,0.0699703868079697,0.027673699091830928,0.019673699091830928,1
2024-05-24,STNG,0.05936120008705624,0.02002699675195352,0.012026996751953518,1
2024-05-28,AR,0.09623576474419866,-0.0516147894975707,-0.0596147894975707,0
2024-05-28,SM,0.06932925078750196,-0.010827427696291303,-0.018827427696291303,0
2024-05-28,TNK,0.05927743864872309,-0.028454198009197795,-0.036454198009197795,0
2024-05-29,AR,0.10769473461157647,-0.047034783286076354,-0.055034783286076354,0
2024-05-29,SM,0.0731329577890572,-0.11222615505716482,-0.12022615505716483,0
2024-05-29,FRO,0.06657596743796829,-0.08530636887764809,-0.0933063688776481,0
2024-05-30,AR,0.10481122340447946,-0.07063513241595198,-0.07863513241595199,0
2024-05-30,SM,0.07283704382831058,-0.12223351183276465,-0.13023351183276466,0
2024-05-30,FRO,0.06144043774455606,-0.07868379569484951,-0.08668379569484952,0
2024-05-31,AR,0.11316247478469568,-0.098231824167193,-0.10623182416719301,0
2024-05-31,SM,0.07344051213401574,-0.1342454970611774,-0.1422454970611774,0
2024-05-31,FRO,0.062354470957817314,-0.11864409062707837,-0.12664409062707838,0
2024-06-03,AR,0.11357838014219898,-0.06408430535135445,-0.07208430535135446,0
2024-06-03,SM,0.0782075633481804,-0.06670879530946339,-0.0747087953094634,0
2024-06-03,FRO,0.06933856366751542,-0.09445442665238146,-0.10245442665238147,0
2024-06-04,AR,0.10404967680531116,-0.012162558841509075,-0.020162558841509075,0
2024-06-04,SM,0.06149345180821443,-0.02579537298218526,-0.03379537298218526,0
2024-06-04,FRO,0.05939890720568789,-0.06249994234669565,-0.07049994234669565,0
2024-06-05,AR,0.09262529986915534,-0.05258563785243853,-0.06058563785243853,0
2024-06-05,SM,0.0522645681517318,-0.06693749712939112,-0.07493749712939113,0
2024-06-05,FRO,0.051502414518020435,-0.11256830844098653,-0.12056830844098654,0
2024-06-06,AR,0.09847531854548719,-0.03727620983679103,-0.04527620983679103,0
2024-06-06,SM,0.054422212510812015,-0.06546987484731137,-0.07346987484731138,0
2024-06-06,RRC,0.04875134960782367,-0.06652011854291995,-0.07452011854291996,0
2024-06-07,AR,0.09719547964420613,-0.0452675160142717,-0.0532675160142717,0
2024-06-07,SM,0.055433514436616364,-0.07613785189709732,-0.08413785189709733,0
2024-06-07,RRC,0.04984109513196898,-0.07961430992808072,-0.08761430992808072,0
2024-06-10,AR,0.09342481204188317,-0.09085748586114262,-0.09885748586114262,0
2024-06-10,SM,0.04902421987549505,-0.09034390690620697,-0.09834390690620698,0
2024-06-10,RRC,0.045596123175292214,-0.10574096138314282,-0.11374096138314282,0
2024-06-11,AR,0.10698123003128915,-0.0817076470715753,-0.0897076470715753,0
2024-06-11,SM,0.06201937487966479,-0.06812550228358127,-0.07612550228358128,0
2024-06-11,RRC,0.06031943843583603,-0.09623544407848161,-0.10423544407848162,0
2024-06-12,AR,0.1097181608274974,-0.06597817546731666,-0.07397817546731666,0
2024-06-12,SM,0.06614441463857783,-0.08098165185279571,-0.08898165185279572,0
2024-06-12,RRC,0.062227675512471554,-0.059935236658498425,-0.06793523665849843,0
2024-06-13,AR,0.10922153507901916,-0.0621518851157693,-0.07015188511576931,0
2024-06-13,SM,0.07293884196764847,-0.022245746188312765,-0.030245746188312765,0
2024-06-13,RRC,0.059754119722513266,-0.04127682976614366,-0.049276829766143664,0
2024-06-14,AR,0.1122573538756359,-0.04553679842672498,-0.05353679842672498,0
2024-06-14,SM,0.06546187452744354,0.020951529700274474,0.012951529700274474,1
2024-06-14,RRC,0.06041555598648923,-0.019574429126495763,-0.027574429126495763,0
2024-06-17,AR,0.10164902978793439,-0.08417818234534646,-0.09217818234534647,0
2024-06-17,RRC,0.054460087784559054,-0.02245553914275311,-0.03045553914275311,0
2024-06-17,SM,0.054423201882554326,0.011886735068494358,0.0038867350684943583,1
2024-06-18,AR,0.09941811509108943,-0.10152439027936055,-0.10952439027936056,0
2024-06-18,SM,0.05660565867452584,-0.005471425373018479,-0.01347142537301848,0
2024-06-18,RRC,0.049832587943441704,-0.043224394987817605,-0.051224394987817605,0
2024-06-20,AR,0.09831591742863102,-0.08561751099882808,-0.09361751099882809,0
2024-06-20,SM,0.059438817389778645,-0.03316059013722461,-0.04116059013722461,0
2024-06-20,STNG,0.04814430883450521,-0.06409146100105834,-0.07209146100105834,0
2024-06-21,AR,0.10111431667601943,-0.04995377193921413,-0.05795377193921413,0
2024-06-21,SM,0.06327334224905587,-0.03594430716483832,-0.04394430716483832,0
2024-06-21,STNG,0.04835834056871557,-0.054933035567011235,-0.06293303556701124,0
2024-06-24,AR,0.0970562517480067,-0.09047484150896179,-0.0984748415089618,0
2024-06-24,SM,0.05579505939754415,-0.09769306080145557,-0.10569306080145557,0
2024-06-24,STNG,0.045115614841350724,-0.07267442075372765,-0.08067442075372766,0
2024-06-25,AR,0.10948772747232043,-0.10951949724769172,-0.11751949724769173,0
2024-06-25,SM,0.0675910785972615,-0.09900788520101356,-0.10700788520101356,0
2024-06-25,RRC,0.04879959933046112,-0.07748108647363228,-0.08548108647363228,0
2024-06-26,AR,0.10739820225492422,-0.11219211599834655,-0.12019211599834656,0
2024-06-26,SM,0.06464897333201142,-0.058240392430102705,-0.06624039243010271,0
2024-06-26,STNG,0.05354378888501426,-0.11950139259539994,-0.12750139259539994,0
2024-06-27,AR,0.07908423129730799,-0.09288776451599379,-0.1008877645159938,0
2024-06-27,SM,0.05057645223358111,0.05905424367706136,0.05105424367706136,1
2024-06-27,TNK,0.045578613034762905,-0.11292152187500204,-0.12092152187500205,0
2024-06-28,AR,0.07300827569184459,-0.10603741583086457,-0.11403741583086457,0
2024-06-28,TNK,0.04706535313876907,-0.08298211433026736,-0.09098211433026737,0
2024-06-28,STNG,0.043805428064855045,-0.08377411098408483,-0.09177411098408483,0
2024-07-01,AR,0.07826808475490196,-0.0967942890433896,-0.10479428904338961,0
2024-07-01,STNG,0.04868237297910288,-0.031498046031095184,-0.039498046031095184,0
2024-07-01,TNK,0.045843776138604804,-0.08388868998027843,-0.09188868998027844,0
2024-07-02,AR,0.05378929329488984,-0.1168594060031215,-0.12485940600312151,0
2024-07-02,TNK,0.043173854402513916,-0.04285505612799234,-0.05085505612799234,0
2024-07-02,STNG,0.04185429511814209,-0.04969639378983004,-0.05769639378983004,0
2024-07-03,AR,0.05831798749430201,-0.13603600249501835,-0.14403600249501836,0
2024-07-03,TNK,0.053200899950333724,-0.11154342026012709,-0.1195434202601271,0
2024-07-03,STNG,0.04444895776206417,-0.06239279054965108,-0.07039279054965109,0
2024-07-05,AR,0.06544564681581244,-0.18736585390961435,-0.19536585390961436,0
2024-07-05,TNK,0.05955865612830033,-0.12264007014295553,-0.13064007014295553,0
2024-07-05,STNG,0.04859335615495299,-0.0719739647506501,-0.0799739647506501,0
2024-07-08,AR,0.05898992517867158,-0.23170727594206453,-0.23970727594206453,0
2024-07-08,TNK,0.04439799972346733,-0.13725186124245115,-0.14525186124245115,0
2024-07-08,STNG,0.038603225512463715,-0.08054800334368584,-0.08854800334368584,0
2024-07-09,AR,0.06037210105005117,-0.21982757051347002,-0.22782757051347002,0
2024-07-09,TNK,0.042877916778067876,-0.10785235785831226,-0.11585235785831227,0
2024-07-09,STNG,0.036176896419869424,-0.05334354610282599,-0.06134354610282599,0
2024-07-10,AR,0.05776681489207936,-0.20986886710283503,-0.21786886710283504,0
2024-07-10,STNG,0.03839939661576737,-0.05974722578546343,-0.06774722578546344,0
2024-07-10,TNK,0.03547456828613198,-0.1356010577815855,-0.1436010577815855,0
2024-07-11,AR,0.052524781268431533,-0.18257390359456505,-0.19057390359456505,0
2024-07-11,TNK,0.039967638148146745,-0.13856455022149905,-0.14656455022149906,0
2024-07-11,STNG,0.03721653760594231,-0.05483130154217364,-0.06283130154217365,0
2024-07-12,AR,0.05381493862994035,-0.17966836738579228,-0.1876683673857923,0
2024-07-12,TNK,0.03977418566395337,-0.121067669179312,-0.129067669179312,0
2024-07-12,STNG,0.03706050210272801,-0.028006895909941987,-0.03600689590994199,0
2024-07-15,AR,0.047332120850936424,-0.1500468668772601,-0.1580468668772601,0
2024-07-15,TNK,0.041156868548094236,-0.1322300912334886,-0.14023009123348862,0
2024-07-15,STNG,0.03981117713605736,-0.02976733272381482,-0.03776733272381482,0
2024-07-16,AR,0.04169664723439357,-0.13775667474100894,-0.14575667474100895,0
2024-07-16,TNK,0.038913333404435424,-0.15347977301934612,-0.16147977301934613,0
2024-07-16,STNG,0.0339389613339908,-0.055927788959145075,-0.06392778895914508,0
2024-07-17,TNK,0.04518944531229668,-0.13155398067758162,-0.13955398067758162,0
2024-07-17,AR,0.03999445412328471,-0.08084535023777861,-0.08884535023777862,0
2024-07-17,STNG,0.031153991023009628,-0.02995123690513002,-0.03795123690513002,0
2024-07-18,TNK,0.04058313993537805,-0.08172768549057674,-0.08972768549057675,0
2024-07-18,AR,0.030300789581475928,-0.055310458050400024,-0.06331045805040003,0
2024-07-18,STNG,0.02278076236164444,-0.00040250043545408953,-0.00840250043545409,0
2024-07-19,TNK,0.0369745672490061,-0.07838142341504517,-0.08638142341504518,0
2024-07-19,AR,0.026339563694060354,-0.06062651101485794,-0.06862651101485795,0
2024-07-19,STNG,0.022129348625133285,-0.02534832211537319,-0.03334832211537319,0
2024-07-22,TNK,0.04078898015598681,-0.1318195849409568,-0.1398195849409568,0
2024-07-22,AR,0.030750229691597374,-0.06588766032082705,-0.07388766032082705,0
2024-07-22,STNG,0.024676656609725935,-0.062379128319755894,-0.0703791283197559,0
2024-07-23,TNK,0.05158776857254539,-0.15031093283089403,-0.15831093283089404,0
2024-07-23,AR,0.040315169304514425,-0.06959944174671595,-0.07759944174671596,0
2024-07-23,FRO,0.03164409113023157,-0.03168313810140777,-0.03968313810140777,0
2024-07-24,TNK,0.0494157490937426,-0.1366043155755401,-0.1446043155755401,0
2024-07-24,AR,0.03880932997079028,-0.06903483429653201,-0.07703483429653202,0
2024-07-24,INSW,0.029326221855224176,-0.111504411275408,-0.119504411275408,0
2024-07-25,TNK,0.038511637736984614,-0.12806234742121358,-0.1360623474212136,0
2024-07-25,AR,0.03326281453615325,-0.07910963400462867,-0.08710963400462868,0
2024-07-26,AR,0.03163731613023228,-0.06759040181434728,-0.07559040181434729,0
2024-07-26,TNK,0.03129267234784309,-0.1102060606710501,-0.1182060606710501,0
2024-07-29,AR,0.03641342481384745,-0.061364446720795884,-0.06936444672079589,0
2024-07-29,TNK,0.03132566355125628,-0.11394609826587843,-0.12194609826587843,0
2024-07-30,TNK,0.03154383956485053,-0.11007431812210489,-0.1180743181221049,0
2024-07-30,AR,0.029179350399688254,-0.0840799619424144,-0.09207996194241441,0
2024-07-31,TNK,0.027986570861194413,-0.1520476832476969,-0.16004768324769691,0
2024-07-31,AR,0.022751702870380988,-0.08511375540114208,-0.09311375540114208,0
2024-08-01,TNK,0.03395743477253649,-0.10056773089189419,-0.1085677308918942,0
2024-08-01,AR,0.021253011712027557,-0.06499829021479142,-0.07299829021479143,0
2024-08-02,TNK,0.02283036244042207,-0.02082973112918396,-0.02882973112918396,0
2024-08-08,MUR,0.19626039080831617,-0.0664146604662047,-0.07441466046620471,0
2024-08-08,RRC,0.11537662732552603,-0.048599347536118276,-0.056599347536118276,0
2024-08-08,MTDR,0.11386432484578193,-0.08687814950601791,-0.09487814950601792,0
2024-08-09,SM,2.756358094200515,-0.08234746431917528,-0.09034746431917529,0
2024-08-09,AR,1.257379127821543,-0.057656273341992414,-0.06565627334199242,0
2024-08-09,MTDR,0.8272225738120492,-0.10434628845989746,-0.11234628845989747,0
2024-08-12,SM,1.020543404257534,-0.12359042677893384,-0.13159042677893384,0
2024-08-12,AR,0.5799809266320298,-0.07134977918178476,-0.07934977918178476,0
2024-08-12,RRC,0.3504514191698138,-0.06797079732864963,-0.07597079732864964,0
2024-08-13,SM,0.8335167249923772,-0.12981514219919066,-0.13781514219919067,0
2024-08-13,AR,0.46626345541397546,-0.029314808265690218,-0.03731480826569022,0
2024-08-13,RRC,0.329573592856952,-0.02575252399958139,-0.03375252399958139,0
2024-08-14,SM,0.7066362292154621,-0.1374555256009805,-0.14545552560098052,0
2024-08-14,AR,0.3853584634253391,-0.03029196844020232,-0.03829196844020232,0
2024-08-14,FRO,0.19399107290181172,-0.047579275175649305,-0.055579275175649305,0
2024-08-15,SM,0.5424143059252312,-0.16181509365930735,-0.16981509365930736,0
2024-08-15,AR,0.31438602140794364,-0.04849139274678671,-0.05649139274678671,0
2024-08-15,FRO,0.2399359550657219,-0.09834738731286374,-0.10634738731286375,0
2024-08-16,SM,0.5982639785860288,-0.12290752518750425,-0.13090752518750426,0
2024-08-16,FRO,0.33133163640096963,-0.07710653997707251,-0.08510653997707252,0
2024-08-16,AR,0.3185059019505532,-0.04338469383121479,-0.051384693831214794,0
2024-08-19,SM,0.4469852926322723,-0.10851860603254504,-0.11651860603254505,0
2024-08-19,FRO,0.3187362350673404,-0.07560683175416039,-0.0836068317541604,0
2024-08-19,AR,0.2875169321879261,-0.08095899472258283,-0.08895899472258284,0
2024-08-20,SM,0.3946583544861296,-0.07269019691042311,-0.08069019691042312,0
2024-08-20,AR,0.356773014137331,-0.059633046046518756,-0.06763304604651876,0
2024-08-20,FRO,0.29221424109625416,-0.053578786601785056,-0.061578786601785056,0
2024-08-21,AR,0.2614491660598562,-0.01907849796779515,-0.02707849796779515,0
2024-08-21,SM,0.2371378855252902,-0.06575091598689764,-0.07375091598689765,0
2024-08-21,FRO,0.19173322265628406,-0.02285712105887272,-0.03085712105887272,0
2024-08-22,SM,0.21227250694579408,-0.06252822811442293,-0.07052822811442294,0
2024-08-22,AR,0.1632725536684076,0.020453743283493697,0.012453743283493697,1
2024-08-22,FRO,0.15773808916195964,-0.0678676490270883,-0.07586764902708831,0
2024-08-23,AR,0.6754820781764355,0.04675603483306623,0.03875603483306623,1
2024-08-23,FRO,0.5927270901015114,-0.06874998410542799,-0.07674998410542799,0
2024-08-23,RRC,0.39330936318016463,0.03141364556930548,0.02341364556930548,1
2024-08-26,MUR,0.08078961822390568,-0.07835528634004907,-0.08635528634004908,0
2024-08-26,SM,0.026769264289711117,-0.09478169735094288,-0.10278169735094289,0
2024-08-27,SM,0.43270209501030943,-0.11048523593977078,-0.11848523593977078,0
2024-08-27,MUR,0.36663834047787863,-0.0918448033331738,-0.0998448033331738,0
2024-08-27,MTDR,0.3198577426320097,-0.11577472711705372,-0.12377472711705373,0
2024-08-28,MUR,0.14170605398704994,-0.12161802016710699,-0.129618020167107,0
2024-08-28,SM,0.1227226318641442,-0.173648796461763,-0.18164879646176302,0
2024-08-28,MTDR,0.054366221791706776,-0.1732077444274016,-0.18120774442740162,0
2024-08-29,MUR,0.0781012440840155,-0.10837964817259604,-0.11637964817259605,0
2024-08-29,MTDR,0.07514800535413126,-0.1508687475764403,-0.15886874757644032,0
2024-08-29,SM,0.033977998245903425,-0.1522571944330764,-0.1602571944330764,0
2024-08-30,SM,0.2780564569532571,-0.12404119471667419,-0.1320411947166742,0
2024-08-30,MTDR,0.22710470497373317,-0.12870244877733328,-0.13670244877733329,0
2024-08-30,NAT,0.19200560789781007,-0.01344084729347772,-0.02144084729347772,0
2024-09-03,INSW,0.11463678816423256,0.030892697345352937,0.022892697345352937,1
2024-09-03,NAT,0.11444201357422701,-1.1102230246251565e-16,-0.008000000000000111,0
2024-09-03,SM,0.11110338763831829,-0.036372058307146404,-0.044372058307146404,0
2024-09-05,STNG,0.11084857235610177,0.08751639934570088,0.07951639934570087,1
2024-09-05,INSW,0.03781386433611084,0.09387590460736095,0.08587590460736094,1
2024-09-05,TNK,0.025285364190287124,0.14876190308438608,0.14076190308438608,1
2024-09-06,NAT,0.08053722424627532,0.05277779507048441,0.04477779507048441,1
2024-09-06,STNG,0.032089273092662324,0.0772412262243396,0.06924122622433959,1
2024-09-06,TNK,0.022631392687049022,0.14456923568184843,0.13656923568184842,1
2024-09-10,STNG,0.07482879975489522,0.09682265202840079,0.08882265202840078,1
2024-09-11,AR,0.02480105210339957,0.08003023244812657,0.07203023244812656,1
2024-09-12,AR,0.2855895342428907,0.08581109193951697,0.07781109193951696,1
2024-09-12,RRC,0.15341244120076483,0.07554330980848989,0.06754330980848988,1
2024-09-12,DHT,0.14619233090163763,0.07868249155217288,0.07068249155217288,1
2024-09-13,AR,0.23394459288733763,0.10419027001619874,0.09619027001619873,1
2024-09-13,DHT,0.21471235601582425,0.0703196777329751,0.062319677732975094,1
2024-09-13,TNK,0.13742699676082448,0.07475955155607239,0.06675955155607238,1
2024-09-16,DHT,0.19654003509740656,0.015219344237493049,0.007219344237493049,1
2024-09-16,AR,0.1718546777298513,0.05134928471567446,0.04334928471567446,1
2024-09-16,TNK,0.1296693365070142,0.013876580798763971,0.005876580798763971,1
2024-09-17,DHT,0.22636335491105333,-0.014298467686504668,-0.022298467686504668,0
2024-09-17,AR,0.17692090731325072,0.034026449624580124,0.026026449624580124,1
2024-09-17,TNK,0.16812546328097244,-0.030988452915087672,-0.03898845291508767,0
2024-09-18,DHT,0.2173506351340407,-0.0008920810747378161,-0.008892081074737816,0
2024-09-18,TNK,0.1486950305489697,-0.0073437873663352304,-0.01534378736633523,0
2024-09-18,INSW,0.11707473224438669,-0.03160186164455736,-0.03960186164455736,0
2024-09-19,DHT,0.2027919132506786,0.0017683026832304716,-0.006231697316769529,0
2024-09-19,AR,0.20116160877267775,0.0018348343875429496,-0.006165165612457051,0
2024-09-19,RRC,0.1838732852385191,-0.020976708778998376,-0.028976708778998377,0
2024-09-20,AR,0.21072117610625568,-0.021865902689215955,-0.029865902689215955,0
2024-09-20,FRO,0.192293231863787,-0.00629210739992947,-0.01429210739992947,0
2024-09-20,RRC,0.18568003801815824,-0.026788620662324236,-0.034788620662324236,0
2024-09-23,SBLK,0.1091289697740132,-0.0710987543410676,-0.07909875434106761,0
2024-09-23,RRC,0.08543799519286616,-0.049809634264694425,-0.057809634264694425,0
2024-09-23,AR,0.05868565342082714,-0.06959828185396155,-0.07759828185396156,0
2024-09-24,AR,0.24643391732613884,-0.06412965992403019,-0.0721296599240302,0
2024-09-24,RRC,0.18758404564250072,-0.038585233061747326,-0.046585233061747326,0
2024-09-24,TNK,0.12347789968596105,-0.07259746289419844,-0.08059746289419845,0
2024-09-25,SBLK,0.17262703318746747,-0.157894675201104,-0.165894675201104,0
2024-09-25,AR,0.14869156692995103,-0.02883919407575064,-0.03683919407575064,0
2024-09-25,RRC,0.12931895073156813,0.01541998778746212,0.007419987787462119,1
2024-09-26,SBLK,0.1349162484707289,-0.1875000201367042,-0.1955000201367042,0
2024-09-27,FRO,1.2846236321357132,-0.11388525581070919,-0.12188525581070919,0
2024-09-27,TNK,1.010295443527789,-0.14217116652863926,-0.15017116652863927,0
2024-09-27,DHT,0.9719551217130498,-0.0460703965010929,-0.0540703965010929,0
2024-09-30,FRO,0.6783269835938794,-0.13522976371999262,-0.14322976371999263,0
2024-09-30,DHT,0.5014059920534578,-0.03898452963839205,-0.04698452963839205,0
2024-09-30,AR,0.4034753669704325,-0.0432809698997747,-0.0512809698997747,0
2024-10-01,FRO,0.44458182860500295,-0.15163232742817223,-0.15963232742817224,0
2024-10-01,DHT,0.33351112764728175,-0.05614974148371876,-0.06414974148371877,0
2024-10-01,SBLK,0.27364480223560234,-0.17888932963366466,-0.18688932963366467,0
2024-10-02,FRO,0.4509357431839943,-0.19526376880683805,-0.20326376880683805,0
2024-10-02,DHT,0.349094188740133,-0.10365850416675937,-0.11165850416675938,0
2024-10-02,TNK,0.21027852205607514,-0.1988950470310089,-0.20689504703100892,0
2024-10-03,FRO,0.6902935283958052,-0.2131611057354904,-0.22116110573549042,0
2024-10-03,DHT,0.5134790315792419,-0.1428571654882379,-0.1508571654882379,0
2024-10-03,AR,0.3776307516357149,-0.14474557286799739,-0.1527455728679974,0
2024-10-04,FRO,0.3682098158392598,-0.20889436113509863,-0.21689436113509863,0
2024-10-04,DHT,0.36022759341717697,-0.13445373773827274,-0.14245373773827275,0
2024-10-04,AR,0.28565967800187836,-0.1483827572375105,-0.1563827572375105,0
2024-10-07,DHT,0.16969253283010516,-0.16169159992462356,-0.16969159992462357,0
2024-10-07,TNK,0.16245956063074257,-0.2500402290562621,-0.2580402290562621,0
2024-10-07,FRO,0.1467688773105437,-0.2550623468290626,-0.2630623468290626,0
2024-10-08,FRO,0.45276361555978795,-0.24210951686167004,-0.25010951686167004,0
2024-10-08,DHT,0.33821657265752597,-0.15714285256338878,-0.1651428525633888,0
2024-10-08,SM,0.30100593767978656,-0.06929350959837821,-0.07729350959837822,0
2024-10-09,FRO,0.3517831248611822,-0.21703182654371622,-0.22503182654371623,0
2024-10-09,DHT,0.2910425532100536,-0.10094909930028828,-0.10894909930028829,0
2024-10-09,TNK,0.20260767707200353,-0.212346094757619,-0.22034609475761902,0
2024-10-10,FRO,0.21639866708933034,-0.20785596614971336,-0.21585596614971336,0
2024-10-10,DHT,0.17451904832985535,-0.10262935047175359,-0.1106293504717536,0
2024-10-10,SM,0.1232601495286128,-0.035865462959280836,-0.043865462959280836,0
2024-10-11,FRO,0.24686195004541467,-0.21681781447881976,-0.22481781447881977,0
2024-10-11,DHT,0.21582195613734426,-0.10750854950289745,-0.11550854950289746,0
2024-10-11,SM,0.15555115169944467,-0.047859502561793166,-0.055859502561793166,0
2024-10-14,FRO,0.22385737760589816,-0.1857759151532431,-0.1937759151532431,0
2024-10-14,DHT,0.19610075801174173,-0.0908288993925751,-0.09882889939257511,0
2024-10-14,SM,0.17617542435232444,-0.013446850929714982,-0.021446850929714982,0
2024-10-15,FRO,0.1211383780723465,-0.15419704146908308,-0.1621970414690831,0
2024-10-15,DHT,0.11924492816936241,-0.07978242391161627,-0.08778242391161628,0
2024-10-15,SM,0.10467375618582672,0.023096854470603834,0.015096854470603834,1
2024-10-16,DHT,0.06984579291236803,-0.0446428579031205,-0.0526428579031205,0
2024-10-16,SM,0.05207092196096958,0.024127491851211103,0.016127491851211102,1
2024-10-16,FRO,0.040576324807651,-0.1178620372610022,-0.1258620372610022,0
2024-10-17,DHT,0.15554650018351188,-0.046778441000891346,-0.05477844100089135,0
2024-10-17,FRO,0.10094631323968392,-0.1017256913965413,-0.10972569139654131,0
2024-10-17,SM,0.09459170921687639,0.017233455701083145,0.009233455701083144,1
2024-10-18,DHT,0.06947950118724963,-0.08252857820225434,-0.09052857820225435,0
2024-10-18,SM,0.049273884545899295,0.011201945718235518,0.0032019457182355174,1
2024-10-18,MTDR,0.03235392867305745,0.11622036781852207,0.10822036781852207,1
2024-10-21,DHT,0.05797565138521153,-0.039356039539097054,-0.047356039539097054,0
2024-10-21,SM,0.037242001058103616,0.058376818227409366,0.050376818227409366,1
2024-10-22,DHT,0.04888322250552428,-0.022079096011491717,-0.030079096011491717,0
2024-10-24,SM,0.043379179046253574,0.06438773259069808,0.05638773259069808,1
2024-10-24,RRC,0.032519528345900536,0.13136129423066523,0.12336129423066522,1
2024-10-25,SM,0.04826339901515614,0.05864763716438115,0.05064763716438115,1
2024-10-25,MTDR,0.04590993133360986,0.17518807053016539,0.16718807053016538,1
2024-10-25,RRC,0.038980523893791474,0.14012133123803006,0.13212133123803005,1
2024-10-28,SM,0.046483011445653706,0.0757864722249848,0.0677864722249848,1
2024-10-28,RRC,0.02048898700993755,0.15655269078381173,0.14855269078381172,1
2024-10-29,SM,0.02796096132156624,0.06744796943789777,0.05944796943789777,1
2024-10-29,RRC,0.021784892149517548,0.17032254126764057,0.16232254126764056,1
2024-10-31,SM,0.02749525714524047,0.07672140367766977,0.06872140367766977,1
2024-10-31,RRC,0.02394571360717121,0.19014321882318708,0.18214321882318707,1
2024-11-01,MTDR,0.03699772114314391,0.14150027554699163,0.13350027554699162,1
2024-11-01,SM,0.03207548601882077,0.09831189223385195,0.09031189223385194,1
2024-11-05,MTDR,0.037788378490933805,0.08443270686554172,0.07643270686554171,1
2024-11-06,MTDR,0.04173306051066816,0.012724412686551556,0.004724412686551556,1
2024-11-07,MTDR,0.11386802420633199,-0.021931405348213806,-0.029931405348213806,0
2024-11-07,SM,0.06482977731064521,-0.07162658413946132,-0.07962658413946133,0
2024-11-07,RRC,0.06327955210450543,0.030534351145038663,0.022534351145038663,1
2024-11-08,MTDR,0.09787174441887547,-0.0030046302251847123,-0.011004630225184713,0
2024-11-08,RRC,0.05994344547598782,0.033303128352152545,0.025303128352152544,1
2024-11-08,SM,0.048739179027575755,-0.06179387528657532,-0.06979387528657532,0
2024-11-11,MTDR,0.08726290909200364,-0.01833099265777316,-0.02633099265777316,0
2024-11-11,RRC,0.06121221969008227,-0.01392918035371038,-0.02192918035371038,0
2024-11-11,AR,0.048456867150647814,-0.01957691309566767,-0.02757691309566767,0
2024-11-12,AR,1.051269589412572,0.05584087570563012,0.04784087570563012,1
2024-11-12,RRC,0.5547993264474317,0.05544146028714403,0.04744146028714403,1
2024-11-12,SM,0.19768311055714585,-0.050679584673406164,-0.058679584673406164,0
2024-11-14,DHT,0.509202187020596,-0.15555558106536205,-0.16355558106536205,0
2024-11-14,FRO,0.3124313958221598,-0.28159759631652215,-0.28959759631652215,0
2024-11-14,MTDR,0.1150192884285991,-0.03898970988836903,-0.04698970988836903,0
2024-11-15,DHT,0.38491876739524394,-0.1444976321954614,-0.15249763219546142,0
2024-11-15,FRO,0.37440169933197565,-0.28185123513473154,-0.28985123513473154,0
2024-11-15,MTDR,0.20710065943494657,-0.023639851194312556,-0.031639851194312556,0
2024-11-18,FRO,0.12375110086075251,-0.3146680022517676,-0.3226680022517676,0
2024-11-18,DHT,0.10446291517792401,-0.16201115532584476,-0.17001115532584476,0
2024-11-18,MTDR,0.02109146773208516,-0.05321321122670186,-0.06121321122670186,0
2024-11-19,FRO,0.3077990738061625,-0.327804891074576,-0.335804891074576,0
2024-11-19,DHT,0.19474216510782769,-0.15428036930073064,-0.16228036930073064,0
2024-11-19,MTDR,0.1235645033733038,-0.07529863691101579,-0.0832986369110158,0
2024-11-20,FRO,0.30994102779023536,-0.341559723500352,-0.349559723500352,0
2024-11-20,DHT,0.1315038243092197,-0.15654645393757516,-0.16454645393757517,0
2024-11-20,STNG,0.09021063513990722,-0.13590628753119371,-0.14390628753119372,0
2024-11-21,FRO,0.23062972541924576,-0.31490017183716357,-0.3229001718371636,0
2024-11-21,AR,0.11759588053614432,-0.07395212897787806,-0.08195212897787807,0
2024-11-21,DHT,0.09120373174016073,-0.1369334707776988,-0.1449334707776988,0
2024-11-22,MTDR,0.13487558103107625,-0.12395336161507697,-0.13195336161507698,0
2024-11-22,AR,0.12892343279111043,-0.024161861139030627,-0.03216186113903063,0
2024-11-22,FRO,0.10500603717873916,-0.2803068928948089,-0.28830689289480893,0
2024-11-25,MTDR,0.14668421764216583,-0.08498055239060487,-0.09298055239060488,0
2024-11-25,SM,0.11338761490012206,-0.1683650548711335,-0.17636505487113352,0
2024-11-25,FRO,0.09622323379817546,-0.2459274900846441,-0.2539274900846441,0
2024-11-26,AR,0.07014773779538305,-0.008461733998359144,-0.016461733998359145,0
2024-11-26,RRC,0.05522592079428918,-0.04713338318656357,-0.05513338318656357,0
2024-11-26,MTDR,0.05094305845850213,-0.07918436649512095,-0.08718436649512096,0
2024-11-27,RRC,0.08644894450368573,-0.022478202687009174,-0.030478202687009175,0
2024-11-27,AR,0.06686341514295079,0.025246296378727218,0.017246296378727217,1
2024-11-27,MTDR,0.04691369190864999,-0.08797853521905086,-0.09597853521905086,0
2024-11-29,MTDR,0.06634178271809468,-0.07732043858403959,-0.08532043858403959,0
2024-11-29,RRC,0.04456774214053805,0.01874645040514844,0.01074645040514844,1
2024-11-29,SM,0.03268985810231573,-0.14870541292811845,-0.15670541292811846,0
2024-12-02,MTDR,0.07031916458798958,-0.04465955332608684,-0.05265955332608684,0
2024-12-02,RRC,0.04513290648635937,0.03065023487542451,0.02265023487542451,1
2024-12-02,SM,0.039864673480536565,-0.12386987226541857,-0.13186987226541858,0
2024-12-03,MTDR,0.05318454833720172,-0.022715774309082892,-0.030715774309082892,0
2024-12-03,RRC,0.03132028362879059,0.025604485693095036,0.017604485693095036,1
2024-12-03,SM,0.024274025845711717,-0.09773081640438175,-0.10573081640438176,0
2024-12-04,MTDR,0.0536313487036687,0.026590176485103312,0.01859017648510331,1
2024-12-04,RRC,0.024824745448514023,0.03219312740474489,0.024193127404744892,1
2024-12-04,SM,0.02152290953285501,-0.032196481380765696,-0.040196481380765696,0
2024-12-12,RRC,0.041245962920512746,0.09841971907668001,0.09041971907668,1
2024-12-12,AR,0.0332080300591503,0.16762484246338705,0.15962484246338704,1
2024-12-13,RRC,0.03416327973688375,0.14087704588104422,0.1328770458810442,1
2024-12-13,AR,0.020456135243022283,0.24281745040805025,0.23481745040805024,1
2024-12-24,AR,0.07431665158272438,0.09323303681567174,0.08523303681567174,1
2024-12-24,RRC,0.04838761082620776,0.07406339015326657,0.06606339015326657,1
2024-12-26,AR,0.0456891674204487,0.1344102305037409,0.1264102305037409,1
2024-12-26,RRC,0.020998399912687656,0.08186294058539989,0.07386294058539988,1
2024-12-27,AR,0.04588892610975313,0.12162160149701129,0.11362160149701128,1
2024-12-27,MTDR,0.03348905399293914,0.10935196355082044,0.10135196355082043,1
2024-12-27,RRC,0.03133339341720818,0.08048287333648418,0.07248287333648418,1
2024-12-30,AR,0.06711442999161298,0.06559679015567577,0.057596790155675766,1
2024-12-30,RRC,0.041967346068411134,0.031859375234096765,0.023859375234096765,1
2024-12-30,MTDR,0.041166584064938866,0.07531157782344233,0.06731157782344233,1
2024-12-31,AR,0.19629311598554747,0.06476463643866381,0.056764636438663814,1
2024-12-31,RRC,0.12942446550927447,0.029460850104978675,0.021460850104978675,1
2024-12-31,MTDR,0.08177198223552624,0.030927865808357158,0.022927865808357158,1
2025-01-02,TNK,0.41987199852751683,0.019393920898437944,0.011393920898437944,1
2025-01-02,MUR,0.39382015567583056,-0.1747416023059697,-0.1827416023059697,0
2025-01-02,INSW,0.38690227618997974,0.07503451643318937,0.06703451643318936,1
2025-01-03,DHT,1.442972345657974,0.2673796682355887,0.25937966823558867,1
2025-01-03,SM,1.3982704855071924,-0.05692462466877535,-0.06492462466877535,0
2025-01-03,SBLK,1.3012009626726773,0.03153742009296567,0.023537420092965673,1
2025-01-06,SM,0.7974358880863451,-0.07366622837171266,-0.08166622837171267,0
2025-01-06,MTDR,0.6489873442977863,-0.0065123781209094345,-0.014512378120909435,0
2025-01-06,AR,0.513614096638785,0.09969453818166851,0.0916945381816685,1
2025-01-07,RRC,0.401241142424823,0.02311044907638249,0.015110449076382489,1
2025-01-07,AR,0.36593115307898355,0.044165728418933625,0.036165728418933625,1
2025-01-07,NAT,0.040843072039852955,0.0073529340868183635,-0.0006470659131816367,0
2025-01-08,FRO,1.687979684150021,0.12697411488118693,0.11897411488118692,1
2025-01-08,STNG,1.550273232965593,-0.10116433095641053,-0.10916433095641054,0
2025-01-08,INSW,1.4709615696021836,0.03065239821243848,0.02265239821243848,1
2025-01-10,FRO,0.7131107585066089,0.031340738820313074,0.023340738820313074,1
2025-01-10,INSW,0.5844694861606113,-0.02729276728863661,-0.03529276728863661,0
2025-01-10,STNG,0.5802818058660687,-0.12324518704813903,-0.13124518704813903,0
2025-01-13,FRO,1.0016369093633768,-0.04918030907387272,-0.05718030907387272,0
2025-01-13,INSW,0.8005449412897039,-0.037448641215689804,-0.045448641215689804,0
2025-01-13,NAT,0.7299758092590645,-0.09999998410542799,-0.10799998410542799,0
2025-01-14,FRO,0.9991215823396048,-0.04065040482310023,-0.04865040482310023,0
2025-01-14,NAT,0.679025257446002,-0.08108108325802199,-0.089081083258022,0
2025-01-14,INSW,0.6579932407523991,-0.021607172112682482,-0.029607172112682482,0
2025-01-15,FRO,0.911158716351405,-0.07486638870376383,-0.08286638870376384,0
2025-01-15,DHT,0.598793367282066,-0.024583027059314255,-0.032583027059314255,0
2025-01-15,TNK,0.5947021279540791,-0.13654624205563703,-0.14454624205563704,0
2025-01-16,FRO,0.821677677745969,0.01029161278052304,0.0022916127805230405,1
2025-01-16,DHT,0.5961252213315746,0.026605502018552274,0.018605502018552274,1
2025-01-16,TNK,0.5226430118436922,-0.09309110263400644,-0.10109110263400645,0
2025-01-17,FRO,0.6136749630608982,0.016128961373994333,0.008128961373994333,1
2025-01-17,DHT,0.4664785045684795,0.025092890180859584,0.017092890180859584,1
2025-01-17,AR,0.3809104195657562,-0.017795289725603847,-0.025795289725603847,0
2025-01-21,FRO,0.4725857408991318,0.06280492137827398,0.05480492137827398,1
2025-01-21,DHT,0.34003714691828846,0.07468472092632439,0.06668472092632438,1
2025-01-21,AR,0.2896252443565464,0.01051836127561634,0.002518361275616339,1
2025-01-22,FRO,0.26407040465187503,0.007211589160757814,-0.000788410839242186,0
2025-01-22,MTDR,0.22124120622664087,-0.10406093397874994,-0.11206093397874994,0
2025-01-22,DHT,0.1969205699824873,0.02429908724453478,0.016299087244534778,1
2025-01-23,FRO,0.5882238125107346,-0.018397594001439144,-0.026397594001439144,0
2025-01-23,DHT,0.462388892277873,-0.009140715871207017,-0.017140715871207017,0
2025-01-23,AR,0.33503864226278646,-0.05918613455825106,-0.06718613455825106,0
2025-01-24,FRO,0.5000942481628506,0.021875023841858132,0.013875023841858132,1
2025-01-24,DHT,0.46159349584035114,-0.006481541413173586,-0.014481541413173586,0
2025-01-24,NAT,0.2580357905308375,-0.0038167904198677105,-0.01181679041986771,0
2025-01-27,DHT,0.41944750615169646,-0.02488483394201546,-0.03288483394201546,0
2025-01-27,FRO,0.41544914930214977,-0.01128522593441672,-0.01928522593441672,0
2025-01-27,NAT,0.2499939954912037,-0.01908395209933922,-0.02708395209933922,0
2025-01-28,DHT,0.36169275390084854,-0.03442030034003174,-0.04242030034003174,0
2025-01-28,FRO,0.3460841747373753,-0.026812893630385082,-0.03481289363038508,0
2025-01-28,NAT,0.20633177537655648,-0.037594037527979296,-0.045594037527979296,0
2025-01-29,DHT,0.3246209818631681,-0.08773504827367895,-0.09573504827367896,0
2025-01-29,FRO,0.2963246618400285,-0.09622196358045143,-0.10422196358045144,0
2025-01-29,NAT,0.15771520872696299,-0.09225092121066658,-0.10025092121066659,0
2025-01-30,FRO,0.3785120079386044,-0.08180779992130527,-0.08980779992130528,0
2025-01-30,DHT,0.3228408059745799,-0.10320898594475925,-0.11120898594475925,0
2025-01-30,NAT,0.2144266250233307,-0.10909089175137587,-0.11709089175137588,0
2025-01-31,DHT,0.2657737696404194,-0.08038868126720733,-0.08838868126720734,0
2025-01-31,FRO,0.2607244714484299,-0.06293303532295202,-0.07093303532295203,0
2025-01-31,INSW,0.11746550845639867,-0.15404364268226012,-0.16204364268226013,0
2025-02-03,DHT,0.24649826664098007,-0.0812226521391668,-0.0892226521391668,0
2025-02-03,FRO,0.23552602074701764,-0.05413099127575438,-0.06213099127575438,0
2025-02-03,INSW,0.09850937498720777,-0.11803957261296116,-0.12603957261296117,0
2025-02-04,FRO,0.2840518150665362,-0.16322208481181477,-0.17122208481181478,0
2025-02-04,DHT,0.26642599641862735,-0.12658227440613457,-0.13458227440613457,0
2025-02-04,INSW,0.13887457517613652,-0.1781089875683557,-0.1861089875683557,0
2025-02-05,FRO,0.3738232073554695,-0.1243915232845596,-0.1323915232845596,0
2025-02-05,DHT,0.2949048225931403,-0.10169489744647231,-0.10969489744647232,0
2025-02-05,INSW,0.21697543487891957,-0.1479842775959309,-0.15598427759593092,0
2025-02-06,FRO,0.2845966551637255,-0.07580828148637508,-0.08380828148637509,0
2025-02-06,DHT,0.23577257109283806,-0.06602955810329025,-0.07402955810329026,0
2025-02-06,INSW,0.16267517013685878,-0.1145019102348378,-0.12250191023483781,0
2025-02-07,DHT,0.16336296995085187,-0.09947184406618537,-0.10747184406618537,0
2025-02-07,FRO,0.15361340324563122,-0.15134527949392818,-0.15934527949392818,0
2025-02-07,AR,0.060418432537344136,-0.083487449796667,-0.09148744979666701,0
2025-02-10,FRO,0.22921604508980603,-0.12267868593235431,-0.13067868593235432,0
2025-02-10,DHT,0.18082162271346075,-0.0973451648586382,-0.10534516485863821,0
2025-02-10,INSW,0.12047868591911863,-0.16961584090591608,-0.1776158409059161,0
2025-02-11,DHT,0.12753932837346144,-0.07317068548078631,-0.08117068548078632,0
2025-02-11,SBLK,0.09642504514939759,0.055662180370380954,0.047662180370380954,1
2025-02-11,FRO,0.08186399481225262,-0.10517241171414626,-0.11317241171414627,0
2025-02-12,FRO,0.347952839401317,-0.11694918413973965,-0.12494918413973966,0
2025-02-12,INSW,0.24740287673287928,-0.18163771298766285,-0.18963771298766285,0
2025-02-12,DHT,0.2439267713146528,-0.08533333672417553,-0.09333333672417554,0
2025-02-13,SBLK,0.0863211055200668,0.03750002384185791,0.02950002384185791,1
2025-02-13,DHT,0.08526896995017794,-0.05310524006712969,-0.06110524006712969,0
2025-02-13,FRO,0.041827890905575156,-0.10809242857530299,-0.116092428575303,0
2025-02-14,SBLK,0.24593505236261293,0.02795023881544423,0.019950238815444228,1
2025-02-14,DHT,0.18344349801997148,-0.046470019981139754,-0.054470019981139754,0
2025-02-14,FRO,0.1268092329420748,-0.09960386085357453,-0.10760386085357454,0
2025-02-18,FRO,0.46907483781289283,-0.10374144179991407,-0.11174144179991408,0
2025-02-18,DHT,0.3871860352848894,-0.036264698840797305,-0.044264698840797305,0
2025-02-18,NAT,0.2960910786550114,-0.026315853158898173,-0.03431585315889817,0
2025-02-19,SBLK,0.444146435808463,0.1323529739880871,0.12435297398808709,1
2025-02-19,FRO,0.3051704241274672,-0.04647156923467455,-0.05447156923467455,0
2025-02-19,DHT,0.2747270076916411,-0.001805009406774749,-0.00980500940677475,0
2025-02-20,FRO,0.6694044811528411,0.007159840706802756,-0.0008401592931972443,0
2025-02-20,NAT,0.5174787836181147,0.007633671839197609,-0.00036632816080239133,0
2025-02-20,INSW,0.5065278514900563,-0.05594218732450473,-0.06394218732450474,0
2025-02-21,SBLK,0.34431259973105965,0.08013026134651802,0.07213026134651801,1
2025-02-21,FRO,0.32997290665225304,-0.02660220735807528,-0.03460220735807528,0
2025-02-21,NAT,0.3001893475945943,-0.026616033694073615,-0.034616033694073615,0
2025-02-24,DHT,0.14657087640986607,0.015843437422786044,0.007843437422786044,1
2025-02-24,FRO,0.13791008020390427,-0.0036696920209481343,-0.011669692020948134,0
2025-02-24,NAT,0.11453514444363898,-0.011494242373779495,-0.019494242373779495,0
2025-02-25,DHT,0.1112842195175928,0.027410204531593374,0.019410204531593374,1
2025-02-25,SBLK,0.0756249478916936,0.04516133954448076,0.03716133954448076,1
2025-02-25,FRO,0.04533872638238241,0.020291673147458944,0.012291673147458944,1
2025-02-26,SBLK,0.15183655165302282,0.022842677990056348,0.014842677990056348,1
2025-02-26,DHT,0.10676008694772945,0.020637924031698507,0.012637924031698507,1
2025-02-26,NAT,0.06429142746608188,-4.440892098500626e-16,-0.008000000000000444,0
2025-02-27,SBLK,0.22843058339185734,0.025128825911428176,0.017128825911428176,1
2025-02-27,DHT,0.15552883062896497,0.0333660614905642,0.025366061490564203,1
2025-02-27,NAT,0.1470953763424752,0.028455256974518006,0.020455256974518006,1
2025-02-28,SBLK,0.16336945135282027,0.02239279751968981,0.01439279751968981,1
2025-02-28,NAT,0.13121633909823355,0.028571400767512856,0.020571400767512855,1
2025-02-28,TNK,0.11137856107171466,0.024907222705432552,0.016907222705432552,1
2025-03-03,SBLK,0.12131119768251916,0.02166781925798511,0.01366781925798511,1
2025-03-03,FRO,0.0883390946178434,-0.08502767712194559,-0.0930276771219456,0
2025-03-03,DHT,0.05675641185317715,0.008645547925754116,0.0006455479257541155,1
2025-03-04,FRO,0.4760948129480431,-0.09457835014576821,-0.10257835014576822,0
2025-03-04,TNK,0.29601472996004863,-0.011313927323591377,-0.019313927323591377,0
2025-03-04,INSW,0.28943032981477196,-0.030549876918571917,-0.03854987691857192,0
2025-03-05,MTDR,0.12740223619561097,0.14238841092999177,0.13438841092999176,1
2025-03-05,SM,0.07824898976150169,0.10901162609369242,0.10101162609369241,1
2025-03-05,AR,0.050889120705854655,0.15448044988680176,0.14648044988680176,1
2025-03-07,SBLK,0.12172978546821406,-0.18606097248907716,-0.19406097248907717,0
2025-03-07,DHT,0.05698442830124998,-0.12093025030091731,-0.12893025030091732,0
2025-03-07,FRO,0.02544301718001487,-0.22617611684293515,-0.23417611684293516,0
2025-03-10,FRO,0.26544180386578037,-0.056142692351034085,-0.06414269235103409,0
2025-03-10,SBLK,0.16835907658919538,-0.11809521629696784,-0.12609521629696785,0
2025-03-10,TNK,0.15250554248507944,0.024556553170840045,0.016556553170840045,1
2025-03-11,SBLK,0.09906385683489267,-0.19822673350238562,-0.20622673350238563,0
2025-03-12,SBLK,0.10082326747723887,-0.18000001618356443,-0.18800001618356443,0
2025-03-12,FRO,0.0614972285441641,-0.07835576989510407,-0.08635576989510407,0
2025-03-13,SBLK,0.17245992035780094,-0.1969511961809297,-0.20495119618092972,0
2025-03-13,MTDR,0.02404271814379917,-0.1936927358507895,-0.2016927358507895,0
2025-03-14,SBLK,0.21088329554989882,-0.1421687081999099,-0.1501687081999099,0
2025-03-14,FRO,0.0902195242872094,0.004536597112103635,-0.003463402887896365,0
2025-03-14,NAT,0.07258872339513922,-0.003937004178521053,-0.011937004178521053,0
2025-03-17,SBLK,0.19146519589021044,-0.14138968621059478,-0.14938968621059479,0
2025-03-17,NAT,0.1563425530016096,-0.05703425431193199,-0.065034254311932,0
2025-03-17,TNK,0.15043899444756004,-0.009504210865253437,-0.017504210865253438,0
2025-03-18,SBLK,0.1390129633312502,-0.18585133841441215,-0.19385133841441216,0
2025-03-18,NAT,0.11934210034429751,-0.07335900582947319,-0.0813590058294732,0
2025-03-18,TNK,0.09083564065219846,-0.031848772041804474,-0.039848772041804474,0
2025-03-19,SBLK,0.14249964857726655,-0.20011807771240686,-0.20811807771240687,0
2025-03-19,NAT,0.056700719618583695,-0.08614232677953171,-0.09414232677953172,0
2025-03-19,DHT,0.05297739842777477,-0.0886076364131465,-0.09660763641314651,0
2025-03-20,NAT,0.17957216186271058,-0.0492424656345376,-0.0572424656345376,0
2025-03-20,SBLK,0.168125701239969,-0.19591835168595706,-0.20391835168595707,0
2025-03-20,AR,0.1593514930034453,-0.15987314758604265,-0.16787314758604266,0
2025-03-21,AR,0.21958541886563168,-0.21363745368352194,-0.22163745368352195,0
2025-03-21,TNK,0.20443308137139168,0.014556733580044279,0.006556733580044279,1
2025-03-21,FRO,0.20327525553963838,-0.07701867673367624,-0.08501867673367625,0
2025-03-24,SBLK,0.07441260393214522,-0.1691176058099334,-0.1771176058099334,0
2025-03-24,AR,0.06940393248948631,-0.20334863964060224,-0.21134863964060224,0
2025-03-24,FRO,0.062873453594321,-0.08103134280614654,-0.08903134280614655,0
2025-03-25,SBLK,0.07039399944966487,-0.13518521178515308,-0.1431852117851531,0
2025-03-25,DHT,0.06831930993276208,-0.05519774002872968,-0.06319774002872969,0
2025-03-25,FRO,0.052132665099457014,-0.024238678659057156,-0.032238678659057156,0
2025-03-26,AR,0.15883068236095121,-0.1569441082156121,-0.16494410821561212,0
2025-03-26,RRC,0.11706454992567772,-0.15010038954148663,-0.15810038954148664,0
2025-03-26,FRO,0.1027262132539819,0.03428577241443431,0.026285772414434312,1
2025-03-27,AR,0.14574458763197431,-0.10624834500227331,-0.11424834500227332,0
2025-03-27,RRC,0.11501716061676454,-0.10311935822612606,-0.11111935822612606,0
2025-03-27,INSW,0.07708601694898988,0.032552471238029845,0.024552471238029845,1
2025-03-28,AR,0.10693603637532886,-0.09473415096071458,-0.10273415096071459,0
2025-03-28,RRC,0.08967696015185321,-0.10053581946348389,-0.1085358194634839,0
2025-03-28,INSW,0.05273112114506079,0.019311991594313627,0.011311991594313626,1
2025-03-31,AR,0.13182739459968598,-0.10534120836294114,-0.11334120836294115,0
2025-03-31,RRC,0.1262753099826026,-0.1209617278772881,-0.1289617278772881,0
2025-03-31,INSW,0.10136073510054158,0.04548187610943644,0.037481876109436436,1
2025-04-01,RRC,0.26412343155049006,-0.1563898738095908,-0.1643898738095908,0
2025-04-01,AR,0.2571624818340154,-0.14882689663736093,-0.15682689663736094,0
2025-04-01,INSW,0.23707727753060448,0.019207664931277346,0.011207664931277346,1
2025-04-02,RRC,0.18334525050384304,-0.15735038890936703,-0.16535038890936704,0
2025-04-02,INSW,0.17160702067684944,0.025362324265633562,0.017362324265633562,1
2025-04-02,AR,0.1650792969466155,-0.17499996366954973,-0.18299996366954974,0
2025-04-03,AR,0.12446255658370216,-0.07811298072904305,-0.08611298072904305,0
2025-04-03,RRC,0.10017375758076401,-0.0803782873081309,-0.08837828730813091,0
2025-04-03,INSW,0.05648699184745285,0.12467779696323578,0.11667779696323577,1
2025-04-14,INSW,0.12169542498864347,0.19364781745915094,0.18564781745915093,1
2025-04-14,FRO,0.06701718802972367,0.1901267795187651,0.1821267795187651,1
2025-04-15,INSW,0.04832978018933326,0.2241708750788849,0.21617087507888488,1
2025-04-15,FRO,0.04453103274561726,0.25344353919824636,0.24544353919824635,1
2025-04-17,FRO,0.03848235439185031,0.18652850989063507,0.17852850989063507,1
2025-04-21,FRO,0.10749644349493531,0.2382234215101311,0.2302234215101311,1
2025-04-21,INSW,0.07903454705337987,0.19286375827373403,0.18486375827373402,1
2025-04-21,DHT,0.023712996613365383,0.17594427736184914,0.16794427736184914,1
2025-04-22,FRO,0.10129524926319483,0.2024047881712281,0.19440478817122808,1
2025-04-22,DHT,0.07456692626677279,0.17452354308077744,0.16652354308077744,1
2025-04-23,FRO,0.03819563796963992,0.12738859732304286,0.11938859732304286,1
2025-04-24,MTDR,0.18788938966788293,0.06993861286186753,0.06193861286186753,1
2025-04-24,FRO,0.15470568202152024,0.05463470470404319,0.04663470470404319,1
2025-04-24,DHT,0.1353905946340719,0.0852490784573463,0.0772490784573463,1
2025-04-28,FRO,0.07050715535930986,0.1510128266553883,0.14301282665538828,1
2025-04-28,DHT,0.041421661368876296,0.12106772978778668,0.11306772978778667,1
2025-04-28,SBLK,0.03700738459117878,0.095628452142976,0.08762845214297599,1
2025-04-29,FRO,0.02576380668409619,0.04901373085839378,0.04101373085839378,1
2025-04-30,FRO,0.02780252156397264,0.042236824174788135,0.034236824174788134,1
2025-04-30,SBLK,0.02397868721879678,0.09769338917353232,0.08969338917353231,1
2025-05-06,INSW,0.024869537810580065,0.03995618631340103,0.03195618631340103,1
2025-05-07,FRO,0.05636610951091147,0.0565267670151397,0.0485267670151397,1
2025-05-07,TNK,0.03350581536052749,-0.018839301128961705,-0.026839301128961705,0
2025-05-08,TNK,0.0560427827448284,0.012750487172993319,0.004750487172993319,1
2025-05-08,INSW,0.041669221851420996,0.020491804133005997,0.012491804133005997,1
2025-05-09,INSW,0.05585922698020502,-0.02521233426871672,-0.03321233426871672,0
2025-05-12,FRO,0.11764211689284468,0.002284352236200382,-0.005715647763799618,0
2025-05-12,INSW,0.06951507619872063,-0.02526313380191192,-0.03326313380191192,0
2025-05-12,TNK,0.0391135743829539,-0.0368328623295614,-0.0448328623295614,0
2025-05-13,FRO,0.2831728682527631,0.006726397469640988,-0.0012736025303590123,0
2025-05-13,SBLK,0.19948580544918576,0.026171655337116295,0.018171655337116295,1
2025-05-13,DHT,0.1860060719734245,0.0079505437291707,-4.9456270829299764e-05,0
2025-05-14,FRO,0.04969420163501992,0.009340663141075956,0.0013406631410759554,1
2025-05-14,INSW,0.046252570805360715,-0.004949169828854405,-0.012949169828854405,0
2025-05-14,TNK,0.04567122801267587,0.005922361413906785,-0.0020776385860932153,0
2025-05-15,FRO,0.08692303342370206,0.09241837877685644,0.08441837877685643,1
2025-05-15,SBLK,0.07272815110777672,0.03571431004271264,0.027714310042712638,1
2025-05-15,DHT,0.044473971970274084,0.04922277189806756,0.04122277189806756,1
2025-05-16,TNK,0.06502681704588482,-0.02007265438078376,-0.02807265438078376,0
2025-05-16,INSW,0.05534950700873307,-0.009938919155544568,-0.017938919155544568,0
2025-05-19,FRO,0.06746407826615397,0.07445656889327856,0.06645656889327856,1
2025-05-19,INSW,0.06279208407652968,0.04332130887205299,0.03532130887205299,1
2025-05-19,TNK,0.06122564404881237,0.0382586124885711,0.030258612488571097,1
2025-05-20,INSW,0.060793589131470545,0.07225126351858235,0.06425126351858235,1
2025-05-20,TNK,0.05309386887555935,0.03138117500431692,0.02338117500431692,1
2025-05-21,INSW,0.07970480885761015,0.07121893970143156,0.06321893970143155,1
2025-05-21,TNK,0.06187382948960673,0.007318651923723829,-0.0006813480762761712,0
2025-05-21,FRO,0.04427962070551682,0.07231631209739597,0.06431631209739597,1
2025-05-22,FRO,0.09178011589091699,0.08149008112115719,0.07349008112115718,1
2025-05-22,INSW,0.08176247645423823,0.07390105807540981,0.0659010580754098,1
2025-05-22,TNK,0.06562113961622999,0.021709063694433706,0.013709063694433705,1
2025-05-23,INSW,0.03262998572532268,0.0018741552258083605,-0.00612584477419164,0
2025-05-27,INSW,0.10010349234490787,0.016635888193405668,0.008635888193405668,1
2025-05-27,FRO,0.09261640082997613,-0.05813334147135396,-0.06613334147135397,0
2025-05-27,TNK,0.06347439198800517,-0.019808577422731455,-0.027808577422731455,0
2025-05-28,INSW,0.11591753854361828,0.05068871050303847,0.04268871050303847,1
2025-05-28,FRO,0.09485738989223236,-0.009116800818670834,-0.017116800818670834,0
2025-05-28,TNK,0.06994418780169223,0.002073736161834594,-0.005926263838165406,0
2025-05-29,FRO,0.11599230128054276,-0.030821969259027693,-0.03882196925902769,0
2025-05-29,INSW,0.0840332284349938,0.007346951231663956,-0.0006530487683360439,0
2025-05-29,TNK,0.033403433552327125,-0.03291425432477668,-0.04091425432477668,0
2025-05-30,FRO,0.16545625712536313,-0.10229763506516354,-0.11029763506516355,0
2025-05-30,INSW,0.10350188929372472,-0.01538460746455439,-0.02338460746455439,0
2025-05-30,STNG,0.06761335847916264,-0.01534978823823463,-0.02334978823823463,0
2025-06-02,FRO,0.1354420117330229,-0.08940401568446843,-0.09740401568446844,0
2025-06-02,INSW,0.0891721548386127,-0.0037664621077497795,-0.01176646210774978,0
2025-06-02,TNK,0.047660893067433166,-0.0643431045892694,-0.0723431045892694,0
2025-06-03,INSW,0.07582608437978797,0.0419580785499305,0.0339580785499305,1
2025-06-03,FRO,0.06889627301017055,-0.04817930487241573,-0.05617930487241573,0
2025-06-03,TNK,0.051132465676268564,-0.02147379581592157,-0.02947379581592157,0
2025-06-04,INSW,0.08383345765673499,0.03500004818564939,0.02700004818564939,1
2025-06-04,FRO,0.07575260930075202,-0.0396475396147703,-0.0476475396147703,0
2025-06-04,TNK,0.042027917139752485,-0.02640265660716845,-0.03440265660716845,0
2025-06-05,INSW,0.06759668351253535,0.07116304609756763,0.06316304609756762,1
2025-06-05,TNK,0.048821096585780405,-0.008607441900798207,-0.016607441900798207,0
2025-06-06,INSW,0.11880864970842042,0.0629184038774886,0.05491840387748859,1
2025-06-06,FRO,0.09821435702546985,0.03630183366209816,0.02830183366209816,1
2025-06-06,TNK,0.07438800902062423,-0.010791356726083667,-0.018791356726083668,0
2025-06-09,INSW,0.09692676103792086,0.04219981640016557,0.03419981640016557,1
2025-06-09,NAT,0.04481971905922211,-0.022140199975999586,-0.030140199975999586,0
2025-06-09,TNK,0.038083615365477316,-0.022100734431358626,-0.030100734431358626,0
2025-06-10,SM,0.12257320684009781,0.09195842288172607,0.08395842288172606,1
2025-06-10,INSW,0.08254660531599067,0.07478402778879145,0.06678402778879144,1
2025-06-10,MTDR,0.05131310044870393,0.08595866692368626,0.07795866692368625,1
2025-06-11,SM,0.21400335629607262,0.06417915185328105,0.05617915185328105,1
2025-06-11,MTDR,0.15325650645020847,0.06915543365955923,0.06115543365955923,1
2025-06-11,FRO,0.13399447470341308,0.062360851688555874,0.054360851688555874,1
2025-06-12,SM,0.25075047394033945,0.015849624713502708,0.007849624713502708,1
2025-06-12,MTDR,0.18007459909226972,0.04686868070351924,0.03886868070351924,1
2025-06-12,FRO,0.1659157733261416,0.011976009978433622,0.003976009978433621,1
2025-06-13,SM,0.22071728276722097,-0.07395612652727102,-0.08195612652727102,0
2025-06-13,MTDR,0.15641755393375714,-0.015685468012536452,-0.023685468012536452,0
2025-06-13,FRO,0.1521324372661894,-0.07497464839902057,-0.08297464839902058,0
2025-06-16,SM,0.27554316833393705,-0.07384730286408026,-0.08184730286408026,0
2025-06-16,FRO,0.2571974248834835,-0.03176275772935677,-0.03976275772935677,0
2025-06-16,MTDR,0.21523442241293714,-0.009491784558690486,-0.017491784558690486,0
2025-06-17,SM,0.3581361513777457,-0.04582888194270118,-0.05382888194270118,0
2025-06-17,FRO,0.32661101397311826,-0.06879112690245259,-0.0767911269024526,0
2025-06-17,MTDR,0.27559892717782875,0.009557204201182445,0.0015572042011824452,1
2025-06-18,FRO,0.20258430794907908,-0.062404059384399746,-0.07040405938439975,0
2025-06-18,SM,0.19761070787541637,-0.06025407961460305,-0.06825407961460306,0
2025-06-18,INSW,0.17834233674971778,-0.050781202706274176,-0.058781202706274176,0
2025-06-20,INSW,0.18806591608667586,-0.04332673518620345,-0.05132673518620345,0
2025-06-20,FRO,0.18427767494158598,-0.0468914336730053,-0.0548914336730053,0
2025-06-20,SM,0.17911823342385946,-0.06676343208430346,-0.07476343208430347,0
2025-06-23,SM,0.222957953606928,0.039812588485674816,0.031812588485674816,1
2025-06-23,FRO,0.20399188745188201,-0.015608127522578896,-0.023608127522578896,0
2025-06-23,MTDR,0.19279505898513558,0.03791269350976623,0.029912693509766226,1
2025-06-24,FRO,0.12844684428558292,0.0775812121923638,0.0695812121923638,1
2025-06-24,INSW,0.12603073076208918,0.08364514220401054,0.07564514220401053,1
2025-06-24,STNG,0.10506999702495207,0.10630405824368339,0.09830405824368338,1
2025-06-25,MTDR,0.07611047722359257,0.05984516751541502,0.05184516751541502,1
2025-06-25,INSW,0.0713568077091837,0.057922066032112474,0.04992206603211247,1
2025-06-25,SM,0.0600780865201406,0.12560779348206097,0.11760779348206096,1
2025-06-26,FRO,0.18294128374762378,0.06497993719240047,0.05697993719240047,1
2025-06-26,INSW,0.1458576874650102,0.05584690881493182,0.04784690881493182,1
2025-06-26,STNG,0.13867470654436367,0.07746828263663819,0.06946828263663818,1
2025-06-27,INSW,0.0908980726674455,0.10723936173994675,0.09923936173994674,1
2025-06-27,MTDR,0.08605501678503191,0.08979672141730188,0.08179672141730188,1
2025-06-27,SM,0.0858672633793415,0.14581672477240804,0.13781672477240803,1
2025-06-30,MTDR,0.07772021213613176,0.09723384893031772,0.08923384893031772,1
2025-06-30,SM,0.07205798748552061,0.16794826708377708,0.15994826708377707,1
2025-06-30,INSW,0.06307377687735224,0.12719296732107344,0.11919296732107343,1
2025-07-01,SBLK,0.10044471169396496,0.055811350261327775,0.047811350261327774,1
2025-07-01,MTDR,0.09969921382859401,0.034949485701743166,0.026949485701743166,1
2025-07-01,SM,0.09520905200333649,0.06413203188289862,0.05613203188289862,1
2025-07-02,MTDR,0.02024365463176114,-0.0152023777801914,-0.0232023777801914,0
2025-07-03,MTDR,0.0767681124559391,-0.05250646843241791,-0.06050646843241791,0
2025-07-03,INSW,0.06884692382353104,0.021866177361203887,0.013866177361203887,1
2025-07-03,SM,0.05964869768629476,0.02815270087330557,0.02015270087330557,1
2025-07-07,INSW,0.09762230299553913,0.03222605929953515,0.024226059299535148,1
2025-07-07,MTDR,0.0958720373470828,-0.02833841817062044,-0.03633841817062044,0
2025-07-07,SBLK,0.09098018380334813,0.03131866323791055,0.02331866323791055,1
2025-07-08,INSW,0.11006827198965057,0.08992442383419008,0.08192442383419007,1
2025-07-08,SBLK,0.09529915591497873,0.08118694322722475,0.07318694322722474,1
2025-07-08,STNG,0.08984163740023185,0.14272385213244432,0.1347238521324443,1
2025-07-09,SM,0.11965761028767449,-0.03282827813685052,-0.04082827813685052,0
2025-07-09,MTDR,0.11507662396533824,-0.09113924915760963,-0.09913924915760963,0
2025-07-09,INSW,0.09439049127506122,0.14158835309508744,0.13358835309508743,1
2025-07-10,SM,0.11436297519510533,-0.07787171070560928,-0.08587171070560928,0
2025-07-10,MTDR,0.09869585112234631,-0.11469735818468796,-0.12269735818468797,0
2025-07-10,MUR,0.07381286433174593,-0.12814640697917945,-0.13614640697917946,0
2025-07-11,SM,0.1316805248715546,-0.07994392181101262,-0.08794392181101263,0
2025-07-11,STNG,0.11519078247442871,0.0063862787161819146,-0.0016137212838180856,0
2025-07-11,MTDR,0.1057137607243738,-0.1120015063723494,-0.12000150637234941,0
2025-07-14,SM,0.10038653906168052,-0.06857762794894173,-0.07657762794894174,0
2025-07-14,STNG,0.08873815211755497,-0.03334065480755177,-0.04134065480755177,0
2025-07-14,FRO,0.07934047371631545,-0.005917192546997185,-0.013917192546997185,0
2025-07-15,SM,0.029012616080142592,0.029805146517828396,0.021805146517828396,1
2025-07-15,MTDR,0.022453883251511673,-0.06649618230094623,-0.07449618230094623,0
2025-07-16,FRO,0.3872296635934069,0.029524274529711736,0.021524274529711736,1
2025-07-16,STNG,0.27538289604837474,0.0511442933749886,0.0431442933749886,1
2025-07-16,SBLK,0.26929024700694815,0.04283364776830734,0.03483364776830734,1
2025-07-17,SBLK,0.03453365416475763,0.003196561772994322,-0.004803438227005678,0
2025-07-17,STNG,0.02224624340273615,0.026977513607628456,0.018977513607628456,1
2025-07-18,SBLK,0.09891521770909875,0.005387951742844566,-0.0026120482571554346,0
2025-07-18,FRO,0.08404779333326454,0.025095526117618228,0.017095526117618227,1
2025-07-18,STNG,0.06984576218000665,0.03237657570869068,0.02437657570869068,1
2025-07-21,SBLK,0.04208376863523124,0.028214891435331735,0.020214891435331735,1
2025-07-21,MTDR,0.02850497678381214,-0.059967943077923636,-0.06796794307792364,0
2025-07-22,SBLK,0.12329211450999039,-0.031118052411850505,-0.039118052411850505,0
2025-07-22,FRO,0.11860411596907504,0.010934874006541584,0.0029348740065415838,1
2025-07-22,STNG,0.0832659535428516,0.055799951934282443,0.04779995193428244,1
2025-07-23,FRO,0.25415387998425865,0.007940790403683007,-5.920959631699335e-05,0
2025-07-23,SBLK,0.23276032532766944,-0.025183607328742474,-0.033183607328742475,0
2025-07-23,STNG,0.1649747350124989,0.033296126893112676,0.025296126893112676,1
2025-07-24,SBLK,0.09084100798474272,-0.002627490415398226,-0.010627490415398226,0
2025-07-24,FRO,0.06674304738159254,0.07692301465501372,0.06892301465501371,1
2025-07-24,SM,0.06482254210087776,-0.06695466394447191,-0.07495466394447192,0
2025-07-28,SM,0.09430890881357505,-0.013560479365252953,-0.021560479365252953,0
2025-07-28,SBLK,0.09274936777846236,0.019098074043373714,0.011098074043373714,1
2025-07-28,MUR,0.07928911630286986,-0.10136380704267967,-0.10936380704267967,0
2025-07-30,SM,0.18198408757022477,0.011187346933719367,0.0031873469337193663,1
2025-07-30,FRO,0.15690637581549227,0.09498402926283966,0.08698402926283966,1
2025-07-30,SBLK,0.14684465466886626,0.03596729338919169,0.02796729338919169,1
2025-07-31,FRO,0.14810165256505192,0.12486423602248409,0.11686423602248408,1
2025-07-31,SM,0.14667024707552836,0.04168175469989732,0.03368175469989732,1
2025-07-31,STNG,0.143704108611481,0.10351692988162697,0.09551692988162697,1
2025-08-01,SM,0.10138380489625601,0.07089270069264164,0.06289270069264163,1
2025-08-01,STNG,0.07300743898597262,0.07120089996047496,0.06320089996047495,1
2025-08-01,SBLK,0.07273363744687192,0.012486402892708748,0.004486402892708748,1
2025-08-04,FRO,0.19620902610147178,0.08632344705813066,0.07832344705813066,1
2025-08-04,STNG,0.16509893979713894,0.058134646529447,0.050134646529447,1
2025-08-04,SM,0.16224773524984834,0.07214202020180682,0.06414202020180682,1
2025-08-06,FRO,0.15018615932980398,0.10060665834363247,0.09260665834363246,1
2025-08-06,SM,0.14709650947004158,0.05221930796040297,0.04421930796040297,1
2025-08-06,STNG,0.1446591997435039,0.08044524190837121,0.0724452419083712,1
2025-08-07,SM,0.08784248523325047,0.028658769499943615,0.020658769499943615,1
2025-08-07,STNG,0.07923890323647077,0.1282432735132235,0.1202432735132235,1
2025-08-07,SBLK,0.07807174207922621,0.017923045065612264,0.009923045065612264,1
2025-08-08,FRO,0.3921593232895946,0.19749220518208888,0.18949220518208887,1
2025-08-08,SBLK,0.3235313081617961,0.03237795145494049,0.02437795145494049,1
2025-08-08,INSW,0.28408583390471426,0.11292580689835363,0.10492580689835362,1
2025-08-11,FRO,0.182454515349561,0.2169913597517641,0.20899135975176408,1
2025-08-11,SBLK,0.16803006372308227,0.06479475301998594,0.05679475301998594,1
2025-08-11,INSW,0.16356939354798164,0.12890908580947125,0.12090908580947124,1
2025-08-12,FRO,0.38225998836681585,0.2147470283908537,0.20674702839085368,1
2025-08-12,SBLK,0.33544057504294544,0.037786005847713744,0.029786005847713744,1
2025-08-12,INSW,0.2997690916163708,0.09372778898160128,0.08572778898160127,1
2025-08-14,FRO,0.1780410638213173,0.24758316300874705,0.23958316300874705,1
2025-08-14,SBLK,0.16649715997635506,0.02018051844430402,0.012180518444304018,1
2025-08-14,INSW,0.15528938042469145,0.1349073118587274,0.1269073118587274,1
2025-08-15,FRO,0.15011868726970268,0.2767428739875024,0.2687428739875024,1
2025-08-15,SBLK,0.1343340230801331,0.037513438835130586,0.029513438835130586,1
2025-08-15,INSW,0.12793797404184956,0.1796349580181742,0.1716349580181742,1
2025-08-19,STNG,0.0748068945522336,0.32127197403730423,0.3132719740373042,1
2025-08-19,SBLK,0.07350616211667385,0.07729994618515179,0.06929994618515178,1
2025-08-19,INSW,0.07343110526429103,0.18144575371799632,0.1734457537179963,1
2025-08-20,SBLK,0.14425589926806742,0.06781486727963904,0.059814867279639035,1
2025-08-20,FRO,0.13544512675301015,0.253676454383315,0.24567645438331498,1
2025-08-20,NAT,0.10860351099579596,0.14186845416246263,0.13386845416246262,1
2025-08-21,STNG,0.08570316122452751,0.2168425231778568,0.2088425231778568,1
2025-08-21,FRO,0.07926126264289787,0.14334975156548224,0.13534975156548223,1
2025-08-21,INSW,0.07878932437507742,0.06988765416520315,0.06188765416520315,1
2025-08-22,STNG,0.04312223884630714,0.1805186835251822,0.17251868352518218,1
2025-08-25,STNG,0.07531894941216662,0.20989939431004512,0.2018993943100451,1
2025-08-25,MTDR,0.058727669712380394,-0.052237255481686784,-0.060237255481686784,0
2025-08-25,SM,0.04239246314613575,-0.06591472625715722,-0.07391472625715723,0
2025-08-26,SM,0.07314559257096677,-0.006181820956143058,-0.014181820956143058,0
2025-08-26,STNG,0.055687233169115655,0.18458093569399048,0.17658093569399047,1
2025-08-26,SBLK,0.0532085612970425,0.030601666575486908,0.022601666575486908,1
2025-08-27,SM,0.05885715774854806,-0.02533907852326811,-0.03333907852326811,0
2025-08-27,STNG,0.05416380487759689,0.15913196897931492,0.1511319689793149,1
2025-08-27,SBLK,0.04696562368328658,0.018411382285938416,0.010411382285938416,1
2025-08-28,SM,0.06153151882554188,-0.040361860008705785,-0.048361860008705786,0
2025-08-28,STNG,0.053222217902990476,0.15874929004881677,0.15074929004881676,1
2025-08-28,SBLK,0.05001922096648735,0.015814504758467907,0.007814504758467906,1
2025-08-29,SBLK,0.07644608852512014,0.004825745545778526,-0.0031742544542214743,0
2025-08-29,SM,0.07318929819965571,-0.09352014527650254,-0.10152014527650255,0
2025-08-29,INSW,0.06594312715323643,0.023998242988330976,0.015998242988330975,1
2025-09-02,SM,0.06542696002233449,-0.13837130062881942,-0.14637130062881942,0
2025-09-02,STNG,0.06505221504969073,0.1077075282072748,0.0997075282072748,1
2025-09-02,INSW,0.06178632787408565,0.019694694210937058,0.011694694210937058,1
2025-09-03,SM,0.12629988994562966,-0.08489204200612999,-0.09289204200613,0
2025-09-03,MTDR,0.11820467659127464,-0.07704885416411678,-0.08504885416411678,0
2025-09-03,MUR,0.09345398023604941,0.18123756701798954,0.17323756701798954,1
2025-09-04,SM,0.05733882608298435,-0.122297021182456,-0.130297021182456,0
2025-09-04,INSW,0.055915489363343326,0.0004345091960475944,-0.007565490803952406,0
2025-09-04,NAT,0.04676974746847176,0.030959722613641105,0.022959722613641105,1
2025-09-05,STNG,0.07208307612354356,0.08011310200040489,0.07211310200040488,1
2025-09-05,SM,0.06790195296065132,-0.039747388253779214,-0.047747388253779215,0
2025-09-05,MUR,0.06014264176944184,0.22141999158410153,0.21341999158410152,1
2025-09-08,STNG,0.06326872271222012,-0.04174470958544585,-0.04974470958544585,0
2025-09-08,INSW,0.0625825937375779,-0.03480083481889251,-0.04280083481889251,0
2025-09-08,NAT,0.053612546175448236,0.012307680570162738,0.004307680570162738,1
2025-09-09,STNG,0.15730582436194046,-0.04901101321041679,-0.05701101321041679,0
2025-09-09,FRO,0.0962070743625772,-0.024455279798040075,-0.032455279798040075,0
2025-09-09,INSW,0.051112270879757546,-0.06216964230256394,-0.07016964230256395,0
2025-09-10,STNG,0.11168734465325639,-0.05403042886496556,-0.06203042886496556,0
2025-09-10,INSW,0.06386698926673565,-0.0454446768172897,-0.0534446768172897,0
2025-09-10,SBLK,0.05311454078895701,-0.0758974124223758,-0.0838974124223758,0
2025-09-11,STNG,0.11125284483934335,-0.04718599961564973,-0.05518599961564973,0
2025-09-11,MUR,0.05620868909200728,0.14634149043013833,0.13834149043013833,1
2025-09-11,SM,0.04577322142436098,-0.10518575042943434,-0.11318575042943435,0
2025-09-12,STNG,0.13867043435470944,-0.07803711234494959,-0.0860371123449496,0
2025-09-12,FRO,0.06420950674227867,-0.021523891943730167,-0.029523891943730167,0
2025-09-12,MUR,0.05918044706724295,0.037194924900640025,0.029194924900640025,1
2025-09-15,STNG,0.15412611724399966,-0.1101067726582049,-0.1181067726582049,0
2025-09-15,FRO,0.07797183369467318,-0.050020794791149514,-0.058020794791149514,0
2025-09-15,INSW,0.07062215801484277,-0.10525240800828595,-0.11325240800828595,0
2025-09-16,STNG,0.17195359292563928,-0.1195383316999008,-0.1275383316999008,0
2025-09-16,INSW,0.09517244830250254,-0.10594790267274612,-0.11394790267274613,0
2025-09-16,FRO,0.09105548685014217,-0.06973793868011191,-0.07773793868011192,0
2025-09-17,STNG,0.15929329647304863,-0.09427386398631976,-0.10227386398631977,0
2025-09-17,MUR,0.11425891707250627,0.032689418955148764,0.024689418955148763,1
2025-09-17,INSW,0.0850942104147804,-0.10299815139283541,-0.11099815139283542,0
2025-09-18,STNG,0.15114632502997885,-0.06618633952313946,-0.07418633952313947,0
2025-09-18,INSW,0.0862073078095994,-0.08418682171330083,-0.09218682171330084,0
2025-09-18,MUR,0.08093681238547597,0.007769111325861555,-0.000230888674138445,0
2025-09-19,STNG,0.14437509279404334,-0.022785242667864636,-0.030785242667864636,0
2025-09-19,INSW,0.08285188052862566,-0.03150598573346497,-0.03950598573346497,0
2025-09-19,FRO,0.07766058465382714,0.006462797578447255,-0.0015372024215527455,0
2025-09-22,STNG,0.14217273594107419,0.0022486983277956174,-0.005751301672204383,0
2025-09-22,MUR,0.08908847164058278,0.017718698395447374,0.009718698395447374,1
2025-09-22,INSW,0.07555685026232341,-0.01843218046233308,-0.02643218046233308,0
2025-09-23,STNG,0.13208622825706526,-0.03445932413096131,-0.04245932413096131,0
2025-09-23,MUR,0.09556353065437312,-0.02673796864169109,-0.03473796864169109,0
2025-09-23,INSW,0.07379209609168969,-0.06412905387537804,-0.07212905387537805,0
2025-09-24,STNG,0.13723730369087894,0.006198291740786566,-0.0018017082592134345,0
2025-09-24,MUR,0.1194312729249056,-0.05588130198947805,-0.06388130198947806,0
2025-09-24,FRO,0.0919561642689842,-0.0033798024270471627,-0.011379802427047163,0
2025-09-25,STNG,0.1261246859733713,0.04576188710677909,0.037761887106779086,1
2025-09-25,SBLK,0.12477808978417998,-0.08471080812467424,-0.09271080812467425,0
2025-09-25,FRO,0.1143771958866287,0.0541125532189477,0.0461125532189477,1
2025-09-26,STNG,0.13006008053435303,0.04428295273794114,0.03628295273794114,1
2025-09-26,MUR,0.12274106201985005,-0.036630048495433276,-0.044630048495433276,0
2025-09-26,INSW,0.09104201431602654,0.022236323801707147,0.014236323801707147,1
2025-09-29,MUR,0.12333971828031962,-0.009323154659897859,-0.01732315465989786,0
2025-09-29,STNG,0.11432430434078884,0.05411559080843653,0.04611559080843653,1
2025-09-29,INSW,0.07314271133560094,0.046656677315723094,0.038656677315723094,1
2025-09-30,MUR,0.10834140460218493,-0.017951433707180886,-0.025951433707180886,0
2025-09-30,STNG,0.10362070738707027,0.0961641295810145,0.0881641295810145,1
2025-09-30,INSW,0.04918180215203265,0.07703991093741891,0.0690399109374189,1
2025-10-01,STNG,0.06252462918365034,0.09729347459342752,0.08929347459342751,1
2025-10-01,RRC,0.0555827194476957,-0.11930525845414386,-0.12730525845414387,0
2025-10-01,MUR,0.03068664206649966,-0.05576206860499,-0.06376206860499001,0
2025-10-02,RRC,0.103845886336311,-0.10292977060188746,-0.11092977060188747,0
2025-10-02,MUR,0.06585646398895223,-0.037987636176829875,-0.045987636176829876,0
2025-10-02,AR,0.05535106069391442,-0.10331444665307332,-0.11131444665307333,0
2025-10-03,RRC,0.0917668330806814,-0.06985876238528932,-0.07785876238528933,0
2025-10-03,MUR,0.03795762418094633,-0.07060760170803215,-0.07860760170803216,0
2025-10-03,AR,0.031917492478357186,-0.07232892765561683,-0.08032892765561683,0
2025-10-06,RRC,0.09536157736952491,-0.04820837077715767,-0.05620837077715767,0
2025-10-06,MUR,0.08537473381281643,-0.09810952408543616,-0.10610952408543617,0
2025-10-06,STNG,0.04820179262370803,0.09566139923281503,0.08766139923281502,1
2025-10-07,RRC,0.10171177549628174,-0.05919720007427809,-0.0671972000742781,0
2025-10-07,MUR,0.08559776075976208,-0.10933868058635998,-0.11733868058635999,0
2025-10-07,AR,0.056351843913952475,-0.028613604042543872,-0.03661360404254387,0
2025-10-08,RRC,0.11210278541795013,-0.06270542579208016,-0.07070542579208017,0
2025-10-08,MUR,0.0611217502557681,-0.11492340807234147,-0.12292340807234148,0
2025-10-08,AR,0.054732461266703385,-0.038652990800715714,-0.046652990800715714,0
2025-10-09,RRC,0.1008505536193041,-0.047705474906571066,-0.055705474906571066,0
2025-10-09,AR,0.03491217979958576,-0.028868971727869508,-0.03686897172786951,0
2025-10-09,MUR,0.03429594712311506,-0.05504900488064801,-0.06304900488064802,0
2025-10-10,RRC,0.08788007561129228,0.03355338834498789,0.02555338834498789,1
2025-10-10,AR,0.062159244736728105,0.06487345315385795,0.05687345315385795,1
2025-10-10,MUR,0.04784163267474325,0.06200970560427099,0.05400970560427099,1
2025-10-13,RRC,0.028774425362607436,0.02001617093145036,0.012016170931450361,1
2025-10-14,RRC,0.033743731603612166,0.0761140304096719,0.0681140304096719,1
2025-10-16,RRC,0.03135857952281963,0.06498598446061177,0.05698598446061177,1
2025-10-20,NAT,0.08908431614465083,0.07909603796809117,0.07109603796809116,1
2025-10-20,MUR,0.06021538622051972,0.06964091757514246,0.06164091757514246,1
2025-10-21,FRO,0.06139291497463026,0.12877794760764738,0.12077794760764737,1
2025-10-21,STNG,0.057395506769060446,0.09493666683857893,0.08693666683857892,1
2025-10-21,NAT,0.03379310875394051,0.1239193265740175,0.11591932657401749,1
2025-10-22,STNG,0.03577273711347105,0.045516767794659296,0.037516767794659296,1
2025-10-22,FRO,0.03164446643702702,0.06824928359209581,0.06024928359209581,1
2025-10-22,NAT,0.030354097144152107,0.07407407155831391,0.06607407155831391,1
2025-10-23,NAT,0.038287731091895774,0.05070424483801905,0.04270424483801905,1
2025-10-23,STNG,0.03165111051498831,-0.002817868033862303,-0.010817868033862303,0
2025-10-23,TNK,0.020135573924051284,0.02732983558855495,0.01932983558855495,1
2025-10-24,FRO,0.05354981371281155,0.10025482630488103,0.09225482630488102,1
2025-10-24,STNG,0.051807315986184016,0.02434986328824862,0.01634986328824862,1
2025-10-24,INSW,0.026425794256627992,0.12885852831399225,0.12085852831399224,1
2025-10-27,STNG,0.033976743466504325,-1.1102230246251565e-16,-0.008000000000000111,0
2025-10-27,NAT,0.027913645469998423,0.06424581675280727,0.05624581675280727,1
2025-10-28,NAT,0.03685250622140161,0.016216200542240378,0.008216200542240377,1
2025-10-28,TNK,0.027021838577348658,-0.007368927038275852,-0.015368927038275852,0
2025-10-29,NAT,0.05537858419504244,0.016216200542240378,0.008216200542240377,1
2025-10-29,TNK,0.032477780329655974,-0.036158571439237064,-0.044158571439237064,0
2025-10-29,STNG,0.029485730626158883,-0.06641945853559905,-0.07441945853559906,0
2025-10-30,NAT,0.06243016558011934,-0.00817437895534534,-0.01617437895534534,0
2025-10-30,TNK,0.045870206685544396,-0.01988446601985827,-0.02788446601985827,0
2025-10-30,STNG,0.026201256607416325,-0.062315956765266356,-0.07031595676526636,0
2025-10-31,STNG,0.052157291013545756,-0.09951376521435118,-0.10751376521435119,0
2025-10-31,NAT,0.04944404862249897,-0.008152165990640392,-0.016152165990640392,0
2025-10-31,FRO,0.047722417001967235,-0.08746008202817546,-0.09546008202817546,0
2025-11-03,FRO,0.1089653628208179,-0.03877890028603137,-0.04677890028603137,0
2025-11-03,STNG,0.08178735331638667,-0.08552418937217376,-0.09352418937217377,0
2025-11-03,INSW,0.04164660179989645,0.022213462658788652,0.014213462658788652,1
2025-11-04,RRC,0.03663957557576001,0.07723469361685642,0.06923469361685641,1
2025-11-04,AR,0.03080762298114144,0.10537507405239022,0.09737507405239021,1
2025-11-04,NAT,0.024259711902780076,0.06250000846656878,0.05450000846656878,1
2025-11-05,RRC,0.03875943141454883,0.07040735451411329,0.062407354514113285,1
2025-11-05,AR,0.026622458742652753,0.11483388464207422,0.10683388464207422,1
2025-11-06,RRC,0.04027736532566223,0.07813773394101231,0.0701377339410123,1
2025-11-06,AR,0.025142638323640006,0.12626413720564234,0.11826413720564233,1
2025-11-07,RRC,0.030952328260924138,0.002660949155102399,-0.005339050844897601,0
2025-11-10,RRC,0.05331434184693954,-0.004508039593543289,-0.01250803959354329,0
2025-11-10,AR,0.048325633068200036,0.10339734587213689,0.09539734587213688,1
2025-11-10,INSW,0.030394042979669314,-0.07663622093036038,-0.08463622093036038,0
2025-11-11,RRC,0.05396045237743094,-0.04089506452950664,-0.04889506452950664,0
2025-11-11,AR,0.05207250449855289,0.05482955293591374,0.04682955293591374,1
2025-11-11,NAT,0.04162046627603877,-0.04132233901886129,-0.04932233901886129,0
2025-11-12,AR,0.07477418830944074,0.04323858729114627,0.03523858729114627,1
2025-11-12,RRC,0.07106973565414933,-0.05541096070534168,-0.06341096070534169,0
2025-11-12,MUR,0.03739063841198056,0.16187175093742745,0.15387175093742744,1
2025-11-13,RRC,0.06022239363306715,-0.04234614915747037,-0.05034614915747037,0
2025-11-13,AR,0.055773030467032914,0.024752430703091965,0.016752430703091965,1
2025-11-13,INSW,0.030713688620575802,-0.09404741371854508,-0.10204741371854509,0
2025-11-14,AR,0.06016650419635018,0.014260705909938443,0.006260705909938442,1
2025-11-14,RRC,0.05689339951931109,-0.06539367067577384,-0.07339367067577385,0
2025-11-14,NAT,0.03309651907460545,-0.05913979218231891,-0.06713979218231891,0
2025-11-17,RRC,0.05685308949184399,-0.09698559934341189,-0.1049855993434119,0
2025-11-17,AR,0.05521310347123884,-0.012187867266676644,-0.020187867266676644,0
2025-11-17,MUR,0.040424130766120926,0.059003044578599395,0.051003044578599395,1
2025-11-18,RRC,0.058442283347414345,-0.09249297266866574,-0.10049297266866575,0
2025-11-18,NAT,0.05087483927437273,-0.11282052473360416,-0.12082052473360416,0
2025-11-18,AR,0.044970510577341694,-0.012945827674663901,-0.0209458276746639,0
2025-11-19,RRC,0.07269869243590095,-0.12614443344274873,-0.13414443344274873,0
2025-11-19,AR,0.06723433918099368,-0.04418480532648317,-0.05218480532648317,0
2025-11-19,NAT,0.0649776677262458,-0.10344824097048155,-0.11144824097048156,0
2025-11-20,RRC,0.07743274098336522,-0.09636031520048549,-0.1043603152004855,0
2025-11-20,AR,0.07280437866800056,0.021008426451102125,0.013008426451102124,1
2025-11-20,MUR,0.04437604644593914,0.049169419384707425,0.041169419384707424,1
2025-11-21,NAT,0.05932218377513426,-0.11168826986754465,-0.11968826986754466,0
2025-11-21,RRC,0.056107409432027675,-0.0853466345516185,-0.09334663455161851,0
2025-11-21,MUR,0.05596649649791502,0.03290974947234071,0.02490974947234071,1
2025-11-24,NAT,0.12129574565533548,-0.11286084902797222,-0.12086084902797223,0
2025-11-24,MUR,0.0907470349293385,0.006741604956436831,-0.0012583950435631694,0
2025-11-24,DHT,0.079651993180013,-0.09159154214009091,-0.09959154214009092,0
2025-11-25,NAT,0.1053505400208994,-0.09840422513232427,-0.10640422513232428,0
2025-11-25,MUR,0.09423346258862277,0.009630855476181699,0.0016308554761816987,1
2025-11-25,TNK,0.06706838379789504,-0.09127720272699014,-0.09927720272699014,0
2025-11-26,INSW,0.06472749895541606,-0.08570350770358315,-0.09370350770358316,0
2025-11-26,FRO,0.05936022847092148,-0.07270412238690427,-0.08070412238690428,0
2025-11-26,NAT,0.05631032160739415,-0.08776593737847271,-0.09576593737847272,0
2025-11-28,NAT,0.1121949843045724,-0.04395606626909754,-0.05195606626909754,0
2025-11-28,MUR,0.09146571903239491,-0.017149960782484763,-0.025149960782484763,0
2025-11-28,TNK,0.06486784080720809,-0.05670186833519397,-0.06470186833519398,0
2025-12-01,FRO,0.19559250584634968,-0.049452999967195654,-0.057452999967195655,0
2025-12-01,STNG,0.1653184963951876,-0.08747301098318361,-0.09547301098318361,0
2025-12-01,INSW,0.10157303921899959,-0.06078852138441848,-0.06878852138441849,0
2025-12-02,MUR,0.06666317375237343,-0.006359324581483139,-0.014359324581483139,0
2025-12-02,AR,0.06481570552554912,-0.0074885405267623995,-0.0154885405267624,0
2025-12-02,RRC,0.049888018425419046,-0.07381143671700718,-0.08181143671700719,0
